x,ca,cb,cc
0.01,0.980399896,0.019405472,0.000194633
0.02,0.961201853,0.038411749,0.000386398
0.03,0.942397635,0.057027035,0.00057533
0.04,0.923979191,0.075259345,0.000761464
0.05,0.905938628,0.093116539,0.000944832
0.06,0.888268218,0.110606312,0.00112547
0.07,0.870960389,0.127736202,0.001303409
0.08,0.854007721,0.144513595,0.001478684
0.09,0.837402947,0.160945728,0.001651325
0.1,0.821138948,0.177039685,0.001821367
0.11,0.805208747,0.192802414,0.001988839
0.12,0.789605515,0.208240711,0.002153774
0.13,0.774322564,0.223361233,0.002316204
0.14,0.759353344,0.238170498,0.002476157
0.15,0.744691436,0.252674898,0.002633667
0.16,0.730330546,0.266880693,0.002788761
0.17,0.716264509,0.28079402,0.00294147
0.18,0.702487284,0.294420892,0.003091825
0.19,0.688992961,0.307767186,0.003239852
0.2,0.675775754,0.320838663,0.003385583
0.21,0.662829989,0.333640966,0.003529045
0.22,0.650150111,0.346179623,0.003670266
0.23,0.637730676,0.35846005,0.003809274
0.24,0.625566349,0.370487553,0.003946098
0.25,0.613651906,0.38226733,0.004080764
0.26,0.601982232,0.393804469,0.004213299
0.27,0.590552314,0.405103955,0.004343731
0.28,0.579357243,0.416170672,0.004472085
0.29,0.568392209,0.427009403,0.004598388
0.3,0.5576525,0.437624834,0.004722665
0.31,0.547133502,0.448021554,0.004844943
0.32,0.536830694,0.458204059,0.004965247
0.33,0.526739648,0.468176751,0.005083601
0.34,0.516856025,0.477943944,0.005200031
0.35,0.507175576,0.487509863,0.005314561
0.36,0.49769414,0.496878646,0.005427215
0.37,0.488407638,0.506054345,0.005538017
0.38,0.479312077,0.515040932,0.005646992
0.39,0.470403545,0.523842293,0.005754162
0.4,0.461678211,0.532462238,0.005859551
0.41,0.45313232,0.540904498,0.005963181
0.42,0.444762194,0.549172729,0.006065076
0.43,0.436564229,0.557270513,0.006165258
0.44,0.428534893,0.565201357,0.00626375
0.45,0.420670731,0.572968697,0.006360572
0.46,0.412968358,0.580575894,0.006455748
0.47,0.405424457,0.588026245,0.006549298
0.48,0.39803578,0.595322975,0.006641244
0.49,0.390799146,0.602469247,0.006731607
0.5,0.38371144,0.609468153,0.006820408
0.51,0.376769608,0.616322725,0.006907667
0.52,0.36997066,0.623035936,0.006993404
0.53,0.363311662,0.629610697,0.007077641
0.54,0.356789745,0.636049859,0.007160396
0.55,0.350402097,0.642356213,0.00724169
0.56,0.344145963,0.648532495,0.007321542
0.57,0.338018645,0.654581384,0.007399971
0.58,0.332017501,0.660505502,0.007476997
0.59,0.326139943,0.666307419,0.007552638
0.6,0.320383436,0.671989651,0.007626913
0.61,0.314745495,0.677554664,0.007699841
0.62,0.30922369,0.683004871,0.007771439
0.63,0.303815635,0.688342638,0.007841726
0.64,0.298518997,0.693570282,0.00791072
0.65,0.293331489,0.698690073,0.007978439
0.66,0.288250871,0.703704231,0.008044899
0.67,0.283274948,0.708614934,0.008110118
0.68,0.278401572,0.713424314,0.008174113
0.69,0.273628638,0.71813446,0.008236902
0.7,0.268954082,0.722747417,0.0082985
0.71,0.264375886,0.727265189,0.008358925
0.72,0.259892071,0.731689736,0.008418193
0.73,0.255500698,0.736022983,0.008476319
0.74,0.251199869,0.740266811,0.008533321
0.75,0.246987724,0.744423063,0.008589213
0.76,0.242862442,0.748493547,0.008644011
0.77,0.238822238,0.75248003,0.008697732
0.78,0.234865365,0.756384246,0.008750389
0.79,0.23099011,0.76020789,0.008801999
0.8,0.227194797,0.763952626,0.008852576
0.81,0.223477783,0.767620081,0.008902136
0.82,0.219837459,0.771211849,0.008950692
0.83,0.216272248,0.774729493,0.008998259
0.84,0.212780608,0.778174541,0.009044851
0.85,0.209361025,0.781548492,0.009090483
0.86,0.206012018,0.784852814,0.009135168
0.87,0.202732136,0.788088942,0.009178921
0.88,0.199519959,0.791258286,0.009221755
0.89,0.196374094,0.794362223,0.009263684
0.9,0.193293176,0.797402104,0.00930472
0.91,0.190275871,0.800379251,0.009344878
0.92,0.18732087,0.80329496,0.009384169
0.93,0.184426892,0.8061505,0.009422608
0.94,0.181592681,0.808947112,0.009460207
0.95,0.178817008,0.811686014,0.009496978
0.96,0.176098669,0.814368397,0.009532933
0.97,0.173436484,0.816995429,0.009568087
0.98,0.170829297,0.819568254,0.009602449
0.99,0.168275976,0.822087991,0.009636033
1,0.165775412,0.824555737,0.009668851
1.01,0.163326519,0.826972567,0.009700913
1.02,0.160928235,0.829339533,0.009732233
1.03,0.158579516,0.831657664,0.00976282
1.04,0.156279344,0.833927969,0.009792687
1.05,0.154026716,0.836151439,0.009821845
1.06,0.151820655,0.83832904,0.009850305
1.07,0.149660201,0.840461721,0.009878078
1.08,0.147544415,0.842550411,0.009905174
1.09,0.145472376,0.844596018,0.009931605
1.1,0.143443185,0.846599434,0.009957381
1.11,0.141455957,0.848561531,0.009982512
1.12,0.139509828,0.850483162,0.010007009
1.13,0.137603951,0.852365167,0.010030882
1.14,0.135737496,0.854208363,0.010054141
1.15,0.133909651,0.856013553,0.010076796
1.16,0.132119619,0.857781524,0.010098857
1.17,0.130366621,0.859513045,0.010120333
1.18,0.128649895,0.86120887,0.010141235
1.19,0.126968691,0.862869738,0.010161571
1.2,0.125322278,0.864496372,0.010181351
1.21,0.123709936,0.86608948,0.010200584
1.22,0.122130964,0.867649757,0.010219279
1.23,0.120584674,0.869177881,0.010237446
1.24,0.11907039,0.870674518,0.010255092
1.25,0.117587453,0.872140319,0.010272228
1.26,0.116135216,0.873575922,0.010288862
1.27,0.114713045,0.874981953,0.010305002
1.28,0.11332032,0.876359024,0.010320656
1.29,0.111956432,0.877707734,0.010335834
1.3,0.110620786,0.879028671,0.010350542
1.31,0.1093128,0.88032241,0.010364791
1.32,0.108031902,0.881589512,0.010378586
1.33,0.106777533,0.88283053,0.010391937
1.34,0.105549144,0.884046004,0.010404851
1.35,0.1043462,0.885236463,0.010417337
1.36,0.103168174,0.886402425,0.0104294
1.37,0.102014552,0.887544398,0.01044105
1.38,0.100884829,0.888662878,0.010452293
1.39,0.099778512,0.889758351,0.010463137
1.4,0.098695117,0.890831294,0.010473589
1.41,0.09763417,0.891882174,0.010483657
1.42,0.096595207,0.892911447,0.010493346
1.43,0.095577773,0.893919562,0.010502664
1.44,0.094581424,0.894906957,0.010511619
1.45,0.093605723,0.895874061,0.010520216
1.46,0.092650244,0.896821294,0.010528462
1.47,0.091714568,0.897749068,0.010536364
1.48,0.090798286,0.898657785,0.010543929
1.49,0.089900996,0.899547842,0.010551162
1.5,0.089022306,0.900419623,0.010558071
1.51,0.088161832,0.901273508,0.01056466
1.52,0.087319195,0.902109868,0.010570937
1.53,0.086494027,0.902929066,0.010576907
1.54,0.085685966,0.903731457,0.010582577
1.55,0.084894658,0.90451739,0.010587951
1.56,0.084119757,0.905287206,0.010593037
1.57,0.083360922,0.906041239,0.010597839
1.58,0.08261782,0.906779817,0.010602363
1.59,0.081890126,0.907503259,0.010606615
1.6,0.081177521,0.90821188,0.0106106
1.61,0.080479692,0.908905985,0.010614323
1.62,0.079796334,0.909585876,0.01061779
1.63,0.079127147,0.910251847,0.010621006
1.64,0.078471836,0.910904188,0.010623976
1.65,0.077830115,0.91154318,0.010626705
1.66,0.077201702,0.9121691,0.010629199
1.67,0.07658632,0.912782219,0.010631461
1.68,0.0759837,0.913382803,0.010633497
1.69,0.075393578,0.913971111,0.010635311
1.7,0.074815693,0.914547398,0.010636908
1.71,0.074249794,0.915111912,0.010638294
1.72,0.073695631,0.915664898,0.010639471
1.73,0.07315296,0.916206595,0.010640445
1.74,0.072621544,0.916737235,0.01064122
1.75,0.07210115,0.91725705,0.010641801
1.76,0.071591547,0.917766262,0.010642191
1.77,0.071092513,0.918265092,0.010642395
1.78,0.070603828,0.918753755,0.010642417
1.79,0.070125278,0.919232461,0.01064226
1.8,0.069656653,0.919701417,0.01064193
1.81,0.069197746,0.920160825,0.010641429
1.82,0.068748355,0.920610883,0.010640762
1.83,0.068308284,0.921051783,0.010639932
1.84,0.067877339,0.921483717,0.010638944
1.85,0.06745533,0.92190687,0.0106378
1.86,0.067042072,0.922321424,0.010636504
1.87,0.066637383,0.922727556,0.010635061
1.88,0.066241085,0.923125442,0.010633472
1.89,0.065853005,0.923515253,0.010631743
1.9,0.06547297,0.923897154,0.010629875
1.91,0.065100816,0.924271311,0.010627873
1.92,0.064736376,0.924637884,0.01062574
1.93,0.064379493,0.924997029,0.010623478
1.94,0.064030007,0.925348901,0.010621092
1.95,0.063687767,0.92569365,0.010618583
1.96,0.063352621,0.926031424,0.010615955
1.97,0.063024422,0.926362366,0.010613212
1.98,0.062703026,0.926686619,0.010610355
1.99,0.062388291,0.927004321,0.010607388
2,0.062080079,0.927315608,0.010604313
2.01,0.061778254,0.927620612,0.010601134
2.02,0.061482684,0.927919463,0.010597853
2.03,0.061193238,0.928212289,0.010594473
2.04,0.06090979,0.928499215,0.010590995
2.05,0.060632214,0.928780362,0.010587424
2.06,0.060360389,0.92905585,0.010583761
2.07,0.060094194,0.929325797,0.010580009
2.08,0.059833514,0.929590316,0.01057617
2.09,0.059578233,0.92984952,0.010572247
2.1,0.05932824,0.930103519,0.010568242
2.11,0.059083423,0.93035242,0.010564157
2.12,0.058843676,0.93059633,0.010559994
2.13,0.058608893,0.930835351,0.010555756
2.14,0.058378971,0.931069584,0.010551445
2.15,0.058153808,0.931299128,0.010547063
2.16,0.057933307,0.931524081,0.010542612
2.17,0.057717369,0.931744536,0.010538095
2.18,0.0575059,0.931960588,0.010533512
2.19,0.057298808,0.932172326,0.010528866
2.2,0.057096,0.93237984,0.01052416
2.21,0.056897388,0.932583218,0.010519394
2.22,0.056702885,0.932782544,0.010514571
2.23,0.056512405,0.932977903,0.010509692
2.24,0.056325865,0.933169375,0.01050476
2.25,0.056143182,0.933357043,0.010499776
2.26,0.055964276,0.933540983,0.010494741
2.27,0.055789069,0.933721273,0.010489658
2.28,0.055617484,0.933897988,0.010484528
2.29,0.055449445,0.934071202,0.010479353
2.3,0.055284878,0.934240988,0.010474134
2.31,0.055123712,0.934407415,0.010468873
2.32,0.054965876,0.934570553,0.010463571
2.33,0.0548113,0.934730471,0.01045823
2.34,0.054659916,0.934887233,0.010452851
2.35,0.054511659,0.935040906,0.010447436
2.36,0.054366462,0.935191553,0.010441985
2.37,0.054224263,0.935339236,0.010436501
2.38,0.054084999,0.935484016,0.010430985
2.39,0.053948609,0.935625953,0.010425438
2.4,0.053815033,0.935765106,0.010419861
2.41,0.053684212,0.935901532,0.010414256
2.42,0.05355609,0.936035287,0.010408623
2.43,0.05343061,0.936166426,0.010402964
2.44,0.053307717,0.936295002,0.010397281
2.45,0.053187357,0.936421069,0.010391574
2.46,0.053069478,0.936544678,0.010385844
2.47,0.052954028,0.936665879,0.010380092
2.48,0.052840956,0.936784723,0.010374321
2.49,0.052730214,0.936901257,0.010368529
2.5,0.052621751,0.937015529,0.01036272
2.51,0.052515522,0.937127585,0.010356893
2.52,0.052411479,0.937237471,0.01035105
2.53,0.052309578,0.937345231,0.010345191
2.54,0.052209772,0.93745091,0.010339318
2.55,0.05211202,0.937554548,0.010333431
2.56,0.052016278,0.93765619,0.010327532
2.57,0.051922505,0.937755874,0.010321621
2.58,0.051830659,0.937853643,0.010315699
2.59,0.0517407,0.937949534,0.010309767
2.6,0.051652589,0.938043586,0.010303825
2.61,0.051566288,0.938135837,0.010297875
2.62,0.051481759,0.938226323,0.010291918
2.63,0.051398965,0.938315082,0.010285953
2.64,0.05131787,0.938402147,0.010279982
2.65,0.051238439,0.938487555,0.010274006
2.66,0.051160637,0.938571338,0.010268025
2.67,0.05108443,0.93865353,0.01026204
2.68,0.051009785,0.938734163,0.010256052
2.69,0.05093667,0.938813269,0.010250061
2.7,0.050865053,0.938890879,0.010244068
2.71,0.050794902,0.938967024,0.010238074
2.72,0.050726188,0.939041734,0.010232078
2.73,0.050658879,0.939115038,0.010226083
2.74,0.050592948,0.939186965,0.010220087
2.75,0.050528365,0.939257542,0.010214093
2.76,0.050465102,0.939326797,0.010208101
2.77,0.050403133,0.939394757,0.01020211
2.78,0.050342429,0.939461449,0.010196122
2.79,0.050282966,0.939526897,0.010190137
2.8,0.050224716,0.939591129,0.010184155
2.81,0.050167655,0.939654167,0.010178178
2.82,0.050111758,0.939716036,0.010172205
2.83,0.050057001,0.939776761,0.010166238
2.84,0.05000336,0.939836364,0.010160275
2.85,0.049950812,0.939894869,0.010154319
2.86,0.049899335,0.939952296,0.010148369
2.87,0.049848905,0.940008669,0.010142426
2.88,0.049799502,0.940064008,0.01013649
2.89,0.049751104,0.940118335,0.010130562
2.9,0.049703689,0.940171669,0.010124641
2.91,0.049657239,0.940224032,0.010118729
2.92,0.049611732,0.940275442,0.010112826
2.93,0.049567149,0.940325919,0.010106932
2.94,0.049523471,0.940375482,0.010101047
2.95,0.049480679,0.940424149,0.010095172
2.96,0.049438755,0.940471938,0.010089307
2.97,0.04939768,0.940518867,0.010083453
2.98,0.049357438,0.940564953,0.010077609
2.99,0.04931801,0.940610213,0.010071777
3,0.049279381,0.940654664,0.010065955
3.01,0.049241532,0.940698322,0.010060146
3.02,0.049204449,0.940741203,0.010054348
3.03,0.049168115,0.940783323,0.010048562
3.04,0.049132514,0.940824697,0.010042789
3.05,0.049097632,0.940865339,0.010037029
3.06,0.049063454,0.940905265,0.010031281
3.07,0.049029965,0.940944489,0.010025547
3.08,0.04899715,0.940983024,0.010019826
3.09,0.048964997,0.941020885,0.010014118
3.1,0.04893349,0.941058086,0.010008425
3.11,0.048902617,0.941094638,0.010002745
3.12,0.048872364,0.941130556,0.00999708
3.13,0.048842719,0.941165852,0.009991429
3.14,0.048813669,0.941200538,0.009985793
3.15,0.048785202,0.941234627,0.009980172
3.16,0.048757305,0.941268129,0.009974565
3.17,0.048729968,0.941301058,0.009968974
3.18,0.048703177,0.941333424,0.009963398
3.19,0.048676923,0.941365239,0.009957838
3.2,0.048651193,0.941396513,0.009952294
3.21,0.048625978,0.941427257,0.009946765
3.22,0.048601266,0.941457482,0.009941252
3.23,0.048577047,0.941487197,0.009935755
3.24,0.048553311,0.941516414,0.009930275
3.25,0.048530048,0.941545141,0.009924811
3.26,0.048507247,0.941573389,0.009919363
3.27,0.0484849,0.941601167,0.009913932
3.28,0.048462998,0.941628484,0.009908518
3.29,0.04844153,0.94165535,0.009903121
3.3,0.048420488,0.941681772,0.00989774
3.31,0.048399863,0.941707761,0.009892377
3.32,0.048379646,0.941733323,0.00988703
3.33,0.04835983,0.941758468,0.009881701
3.34,0.048340406,0.941783204,0.00987639
3.35,0.048321365,0.941807539,0.009871095
3.36,0.0483027,0.941831481,0.009865819
3.37,0.048284403,0.941855037,0.009860559
3.38,0.048266467,0.941878215,0.009855318
3.39,0.048248884,0.941901022,0.009850094
3.4,0.048231646,0.941923466,0.009844888
3.41,0.048214747,0.941945553,0.0098397
3.42,0.04819818,0.941967291,0.00983453
3.43,0.048181937,0.941988685,0.009829378
3.44,0.048166013,0.942009744,0.009824243
3.45,0.0481504,0.942030473,0.009819127
3.46,0.048135093,0.942050878,0.009814029
3.47,0.048120084,0.942070967,0.009808949
3.48,0.048105368,0.942090745,0.009803888
3.49,0.048090939,0.942110217,0.009798844
3.5,0.04807679,0.942129391,0.009793819
3.51,0.048062917,0.942148271,0.009788812
3.52,0.048049313,0.942166864,0.009783824
3.53,0.048035972,0.942185174,0.009778854
3.54,0.048022891,0.942203207,0.009773902
3.55,0.048010062,0.942220969,0.009768969
3.56,0.047997481,0.942238464,0.009764054
3.57,0.047985144,0.942255698,0.009759158
3.58,0.047973044,0.942272676,0.00975428
3.59,0.047961177,0.942289402,0.009749421
3.6,0.047949538,0.942305882,0.00974458
3.61,0.047938123,0.942322119,0.009739758
3.62,0.047926926,0.942338119,0.009734954
3.63,0.047915945,0.942353886,0.009730169
3.64,0.047905173,0.942369425,0.009725403
3.65,0.047894607,0.942384739,0.009720654
3.66,0.047884242,0.942399833,0.009715925
3.67,0.047874075,0.942414711,0.009711214
3.68,0.047864102,0.942429377,0.009706521
3.69,0.047854318,0.942443835,0.009701847
3.7,0.047844719,0.942458089,0.009697192
3.71,0.047835302,0.942472143,0.009692555
3.72,0.047826064,0.942486,0.009687937
3.73,0.047816999,0.942499664,0.009683337
3.74,0.047808106,0.942513139,0.009678755
3.75,0.04779938,0.942526428,0.009674192
3.76,0.047790818,0.942539535,0.009669648
3.77,0.047782416,0.942552462,0.009665122
3.78,0.047774172,0.942565214,0.009660614
3.79,0.047766082,0.942577793,0.009656125
3.8,0.047758143,0.942590203,0.009651654
3.81,0.047750352,0.942602446,0.009647201
3.82,0.047742707,0.942614527,0.009642767
3.83,0.047735203,0.942626447,0.009638351
3.84,0.047727838,0.942638209,0.009633953
3.85,0.047720609,0.942649817,0.009629574
3.86,0.047713514,0.942661274,0.009625212
3.87,0.04770655,0.942672581,0.009620869
3.88,0.047699714,0.942683742,0.009616544
3.89,0.047693003,0.942694759,0.009612238
3.9,0.047686416,0.942705636,0.009607949
3.91,0.047679949,0.942716373,0.009603678
3.92,0.0476736,0.942726975,0.009599426
3.93,0.047667366,0.942737443,0.009595191
3.94,0.047661247,0.942747779,0.009590974
3.95,0.047655238,0.942757987,0.009586775
3.96,0.047649338,0.942768068,0.009582594
3.97,0.047643545,0.942778024,0.009578431
3.98,0.047637856,0.942787858,0.009574286
3.99,0.047632269,0.942797573,0.009570158
4,0.047626783,0.942807169,0.009566048
4.01,0.047621395,0.942816649,0.009561956
4.02,0.047616104,0.942826015,0.009557881
4.03,0.047610907,0.942835269,0.009553824
4.04,0.047605802,0.942844413,0.009549785
4.05,0.047600788,0.942853449,0.009545762
4.06,0.047595863,0.942862379,0.009541758
4.07,0.047591025,0.942871205,0.009537771
4.08,0.047586272,0.942879927,0.009533801
4.09,0.047581602,0.942888549,0.009529848
4.1,0.047577015,0.942897072,0.009525913
4.11,0.047572508,0.942905498,0.009521995
4.12,0.047568079,0.942913827,0.009518094
4.13,0.047563728,0.942922062,0.00951421
4.14,0.047559452,0.942930205,0.009510343
4.15,0.04755525,0.942938257,0.009506493
4.16,0.047551121,0.942946219,0.00950266
4.17,0.047547063,0.942954093,0.009498845
4.18,0.047543074,0.94296188,0.009495045
4.19,0.047539154,0.942969583,0.009491263
4.2,0.047535301,0.942977201,0.009487498
4.21,0.047531513,0.942984738,0.009483749
4.22,0.04752779,0.942992193,0.009480017
4.23,0.04752413,0.942999569,0.009476301
4.24,0.047520532,0.943006866,0.009472602
4.25,0.047516994,0.943014086,0.009468919
4.26,0.047513516,0.943021231,0.009465253
4.27,0.047510096,0.943028301,0.009461604
4.28,0.047506733,0.943035297,0.00945797
4.29,0.047503425,0.943042221,0.009454353
4.3,0.047500173,0.943049075,0.009450752
4.31,0.047496975,0.943055858,0.009447167
4.32,0.047493829,0.943062572,0.009443599
4.33,0.047490735,0.943069219,0.009440046
4.34,0.047487691,0.943075799,0.00943651
4.35,0.047484697,0.943082314,0.009432989
4.36,0.047481752,0.943088764,0.009429484
4.37,0.047478855,0.94309515,0.009425995
4.38,0.047476004,0.943101474,0.009422522
4.39,0.047473199,0.943107736,0.009419064
4.4,0.04747044,0.943113938,0.009415623
4.41,0.047467724,0.943120079,0.009412196
4.42,0.047465052,0.943126162,0.009408786
4.43,0.047462422,0.943132187,0.009405391
4.44,0.047459834,0.943138155,0.009402011
4.45,0.047457287,0.943144067,0.009398646
4.46,0.047454779,0.943149923,0.009395297
4.47,0.047452311,0.943155725,0.009391964
4.48,0.047449882,0.943161473,0.009388645
4.49,0.04744749,0.943167169,0.009385341
4.5,0.047445135,0.943172812,0.009382053
4.51,0.047442816,0.943178404,0.00937878
4.52,0.047440533,0.943183945,0.009375521
4.53,0.047438285,0.943189437,0.009372278
4.54,0.047436072,0.943194879,0.009369049
4.55,0.047433891,0.943200273,0.009365836
4.56,0.047431744,0.94320562,0.009362637
4.57,0.047429629,0.943210919,0.009359452
4.58,0.047427546,0.943216172,0.009356282
4.59,0.047425493,0.943221379,0.009353127
4.6,0.047423472,0.943226542,0.009349987
4.61,0.04742148,0.94323166,0.00934686
4.62,0.047419518,0.943236734,0.009343749
4.63,0.047417584,0.943241765,0.009340651
4.64,0.047415679,0.943246753,0.009337568
4.65,0.047413801,0.9432517,0.009334499
4.66,0.047411951,0.943256605,0.009331444
4.67,0.047410127,0.943261469,0.009328404
4.68,0.04740833,0.943266293,0.009325377
4.69,0.047406558,0.943271077,0.009322365
4.7,0.047404811,0.943275823,0.009319366
4.71,0.047403089,0.943280529,0.009316381
4.72,0.047401392,0.943285198,0.00931341
4.73,0.047399718,0.943289829,0.009310453
4.74,0.047398068,0.943294423,0.00930751
4.75,0.04739644,0.94329898,0.00930458
4.76,0.047394835,0.943303501,0.009301664
4.77,0.047393253,0.943307986,0.009298761
4.78,0.047391692,0.943312437,0.009295872
4.79,0.047390152,0.943316852,0.009292996
4.8,0.047388633,0.943321233,0.009290134
4.81,0.047387135,0.94332558,0.009287285
4.82,0.047385657,0.943329894,0.009284449
4.83,0.047384199,0.943334175,0.009281626
4.84,0.04738276,0.943338423,0.009278817
4.85,0.04738134,0.94334264,0.00927602
4.86,0.047379939,0.943346824,0.009273237
4.87,0.047378556,0.943350977,0.009270467
4.88,0.047377192,0.943355099,0.00926771
4.89,0.047375845,0.94335919,0.009264965
4.9,0.047374515,0.943363251,0.009262233
4.91,0.047373203,0.943367283,0.009259514
4.92,0.047371907,0.943371284,0.009256808
4.93,0.047370628,0.943375257,0.009254115
4.94,0.047369366,0.943379201,0.009251434
4.95,0.047368119,0.943383116,0.009248765
4.96,0.047366887,0.943387003,0.009246109
4.97,0.047365671,0.943390863,0.009243466
4.98,0.047364471,0.943394695,0.009240835
4.99,0.047363284,0.943398499,0.009238216
5,0.047362113,0.943402277,0.00923561
5.01,0.047360956,0.943406029,0.009233015
5.02,0.047359812,0.943409754,0.009230433
5.03,0.047358683,0.943413454,0.009227863
5.04,0.047357567,0.943417127,0.009225305
5.05,0.047356465,0.943420776,0.009222759
5.06,0.047355376,0.943424399,0.009220226
5.07,0.047354299,0.943427998,0.009217703
5.08,0.047353235,0.943431572,0.009215193
5.09,0.047352184,0.943435121,0.009212695
5.1,0.047351145,0.943438647,0.009210208
5.11,0.047350117,0.943442149,0.009207733
5.12,0.047349102,0.943445628,0.00920527
5.13,0.047348098,0.943449084,0.009202818
5.14,0.047347106,0.943452516,0.009200378
5.15,0.047346125,0.943455926,0.009197949
5.16,0.047345154,0.943459313,0.009195532
5.17,0.047344195,0.943462679,0.009193126
5.18,0.047343246,0.943466022,0.009190732
5.19,0.047342308,0.943469343,0.009188349
5.2,0.04734138,0.943472643,0.009185977
5.21,0.047340463,0.943475922,0.009183616
5.22,0.047339555,0.943479179,0.009181266
5.23,0.047338657,0.943482415,0.009178927
5.24,0.047337769,0.943485631,0.0091766
5.25,0.04733689,0.943488827,0.009174283
5.26,0.047336021,0.943492002,0.009171978
5.27,0.04733516,0.943495157,0.009169683
5.28,0.047334309,0.943498292,0.009167399
5.29,0.047333467,0.943501408,0.009165126
5.3,0.047332633,0.943504504,0.009162863
5.31,0.047331808,0.943507581,0.009160612
5.32,0.047330991,0.943510638,0.009158371
5.33,0.047330183,0.943513677,0.00915614
5.34,0.047329383,0.943516697,0.00915392
5.35,0.04732859,0.943519699,0.009151711
5.36,0.047327806,0.943522682,0.009149512
5.37,0.04732703,0.943525647,0.009147323
5.38,0.047326261,0.943528594,0.009145145
5.39,0.0473255,0.943531523,0.009142977
5.4,0.047324747,0.943534434,0.009140819
5.41,0.047324001,0.943537328,0.009138672
5.42,0.047323261,0.943540204,0.009136535
5.43,0.04732253,0.943543063,0.009134408
5.44,0.047321805,0.943545905,0.00913229
5.45,0.047321087,0.94354873,0.009130183
5.46,0.047320375,0.943551538,0.009128086
5.47,0.047319671,0.94355433,0.009125999
5.48,0.047318973,0.943557105,0.009123922
5.49,0.047318281,0.943559864,0.009121855
5.5,0.047317596,0.943562607,0.009119797
5.51,0.047316917,0.943565334,0.009117749
5.52,0.047316245,0.943568044,0.009115711
5.53,0.047315578,0.943570739,0.009113682
5.54,0.047314918,0.943573419,0.009111664
5.55,0.047314263,0.943576082,0.009109654
5.56,0.047313615,0.943578731,0.009107655
5.57,0.047312972,0.943581364,0.009105664
5.58,0.047312335,0.943583982,0.009103684
5.59,0.047311703,0.943586585,0.009101712
5.6,0.047311077,0.943589173,0.00909975
5.61,0.047310456,0.943591746,0.009097797
5.62,0.047309841,0.943594305,0.009095854
5.63,0.047309231,0.943596849,0.00909392
5.64,0.047308626,0.943599379,0.009091995
5.65,0.047308026,0.943601895,0.009090079
5.66,0.047307432,0.943604396,0.009088172
5.67,0.047306842,0.943606884,0.009086274
5.68,0.047306257,0.943609357,0.009084385
5.69,0.047305678,0.943611817,0.009082506
5.7,0.047305103,0.943614263,0.009080635
5.71,0.047304532,0.943616695,0.009078773
5.72,0.047303967,0.943619113,0.00907692
5.73,0.047303406,0.943621519,0.009075076
5.74,0.047302849,0.943623911,0.00907324
5.75,0.047302297,0.943626289,0.009071413
5.76,0.04730175,0.943628655,0.009069595
5.77,0.047301207,0.943631008,0.009067786
5.78,0.047300668,0.943633348,0.009065985
5.79,0.047300133,0.943635675,0.009064193
5.8,0.047299602,0.943637989,0.009062409
5.81,0.047299076,0.94364029,0.009060634
5.82,0.047298554,0.943642579,0.009058867
5.83,0.047298036,0.943644856,0.009057108
5.84,0.047297521,0.94364712,0.009055358
5.85,0.047297011,0.943649372,0.009053617
5.86,0.047296505,0.943651612,0.009051883
5.87,0.047296002,0.94365384,0.009050158
5.88,0.047295503,0.943656056,0.009048441
5.89,0.047295008,0.94365826,0.009046732
5.9,0.047294517,0.943660452,0.009045031
5.91,0.047294029,0.943662632,0.009043339
5.92,0.047293545,0.943664801,0.009041654
5.93,0.047293064,0.943666958,0.009039978
5.94,0.047292587,0.943669103,0.009038309
5.95,0.047292114,0.943671238,0.009036649
5.96,0.047291643,0.943673361,0.009034996
5.97,0.047291177,0.943675472,0.009033351
5.98,0.047290713,0.943677572,0.009031714
5.99,0.047290253,0.943679662,0.009030085
6,0.047289796,0.94368174,0.009028464
6.01,0.047289343,0.943683807,0.00902685
6.02,0.047288892,0.943685864,0.009025244
6.03,0.047288445,0.943687909,0.009023646
6.04,0.047288001,0.943689944,0.009022055
6.05,0.04728756,0.943691968,0.009020472
6.06,0.047287122,0.943693982,0.009018896
6.07,0.047286687,0.943695985,0.009017328
6.08,0.047286255,0.943697977,0.009015768
6.09,0.047285826,0.943699959,0.009014214
6.1,0.0472854,0.943701931,0.009012669
6.11,0.047284977,0.943703893,0.00901113
6.12,0.047284556,0.943705844,0.009009599
6.13,0.047284139,0.943707786,0.009008075
6.14,0.047283724,0.943709717,0.009006559
6.15,0.047283312,0.943711638,0.00900505
6.16,0.047282903,0.94371355,0.009003547
6.17,0.047282496,0.943715451,0.009002053
6.18,0.047282093,0.943717343,0.009000565
6.19,0.047281691,0.943719225,0.008999084
6.2,0.047281293,0.943721097,0.00899761
6.21,0.047280897,0.943722959,0.008996144
6.22,0.047280503,0.943724812,0.008994684
6.23,0.047280113,0.943726656,0.008993231
6.24,0.047279724,0.94372849,0.008991786
6.25,0.047279338,0.943730315,0.008990347
6.26,0.047278955,0.94373213,0.008988915
6.27,0.047278574,0.943733936,0.00898749
6.28,0.047278195,0.943735733,0.008986071
6.29,0.047277819,0.943737521,0.00898466
6.3,0.047277445,0.9437393,0.008983255
6.31,0.047277074,0.943741069,0.008981857
6.32,0.047276705,0.94374283,0.008980465
6.33,0.047276338,0.943744581,0.008979081
6.34,0.047275973,0.943746324,0.008977702
6.35,0.047275611,0.943748058,0.008976331
6.36,0.047275251,0.943749784,0.008974966
6.37,0.047274893,0.9437515,0.008973607
6.38,0.047274537,0.943753208,0.008972255
6.39,0.047274184,0.943754907,0.008970909
6.4,0.047273832,0.943756598,0.00896957
6.41,0.047273483,0.94375828,0.008968237
6.42,0.047273136,0.943759954,0.008966911
6.43,0.047272791,0.943761619,0.00896559
6.44,0.047272448,0.943763276,0.008964277
6.45,0.047272107,0.943764924,0.008962969
6.46,0.047271768,0.943766564,0.008961668
6.47,0.047271431,0.943768197,0.008960373
6.48,0.047271096,0.94376982,0.008959084
6.49,0.047270763,0.943771436,0.008957801
6.5,0.047270432,0.943773044,0.008956524
6.51,0.047270103,0.943774643,0.008955254
6.52,0.047269776,0.943776235,0.008953989
6.53,0.047269451,0.943777818,0.008952731
6.54,0.047269128,0.943779394,0.008951478
6.55,0.047268806,0.943780962,0.008950232
6.56,0.047268487,0.943782522,0.008948991
6.57,0.047268169,0.943784074,0.008947756
6.58,0.047267854,0.943785619,0.008946528
6.59,0.04726754,0.943787156,0.008945305
6.6,0.047267227,0.943788685,0.008944088
6.61,0.047266917,0.943790206,0.008942877
6.62,0.047266608,0.94379172,0.008941671
6.63,0.047266302,0.943793227,0.008940472
6.64,0.047265996,0.943794726,0.008939278
6.65,0.047265693,0.943796218,0.008938089
6.66,0.047265391,0.943797702,0.008936907
6.67,0.047265092,0.943799179,0.00893573
6.68,0.047264793,0.943800648,0.008934559
6.69,0.047264497,0.94380211,0.008933393
6.7,0.047264202,0.943803566,0.008932233
6.71,0.047263908,0.943805013,0.008931078
6.72,0.047263617,0.943806454,0.008929929
6.73,0.047263327,0.943807888,0.008928786
6.74,0.047263038,0.943809314,0.008927647
6.75,0.047262752,0.943810734,0.008926515
6.76,0.047262466,0.943812146,0.008925387
6.77,0.047262183,0.943813552,0.008924266
6.78,0.047261901,0.94381495,0.008923149
6.79,0.04726162,0.943816342,0.008922038
6.8,0.047261341,0.943817727,0.008920932
6.81,0.047261064,0.943819105,0.008919831
6.82,0.047260788,0.943820476,0.008918736
6.83,0.047260514,0.943821841,0.008917646
6.84,0.047260241,0.943823198,0.008916561
6.85,0.047259969,0.94382455,0.008915481
6.86,0.047259699,0.943825894,0.008914407
6.87,0.047259431,0.943827232,0.008913337
6.88,0.047259164,0.943828563,0.008912273
6.89,0.047258898,0.943829888,0.008911214
6.9,0.047258634,0.943831207,0.008910159
6.91,0.047258371,0.943832519,0.00890911
6.92,0.04725811,0.943833824,0.008908066
6.93,0.04725785,0.943835123,0.008907027
6.94,0.047257591,0.943836416,0.008905993
6.95,0.047257334,0.943837702,0.008904963
6.96,0.047257078,0.943838983,0.008903939
6.97,0.047256824,0.943840256,0.00890292
6.98,0.04725657,0.943841526,0.008901904
6.99,0.047256318,0.943842787,0.008900895
7,0.047256068,0.943844042,0.00889989
7.01,0.047255819,0.943845291,0.00889889
7.02,0.047255571,0.943846534,0.008897895
7.03,0.047255325,0.943847771,0.008896904
7.04,0.04725508,0.943849002,0.008895919
7.05,0.047254836,0.943850227,0.008894938
7.06,0.047254593,0.943851446,0.008893961
7.07,0.047254352,0.943852659,0.008892989
7.08,0.047254112,0.943853866,0.008892022
7.09,0.047253873,0.943855067,0.00889106
7.1,0.047253635,0.943856263,0.008890102
7.11,0.047253399,0.943857452,0.008889149
7.12,0.047253164,0.943858636,0.0088882
7.13,0.04725293,0.943859814,0.008887256
7.14,0.047252697,0.943860987,0.008886316
7.15,0.047252466,0.943862154,0.008885381
7.16,0.047252235,0.943863315,0.00888445
7.17,0.047252006,0.94386447,0.008883524
7.18,0.047251778,0.94386562,0.008882602
7.19,0.047251552,0.943866764,0.008881684
7.2,0.047251326,0.943867903,0.008880771
7.21,0.047251102,0.943869036,0.008879863
7.22,0.047250878,0.943870163,0.008878958
7.23,0.047250656,0.943871286,0.008878058
7.24,0.047250435,0.943872402,0.008877162
7.25,0.047250215,0.943873514,0.008876271
7.26,0.047249997,0.943874619,0.008875384
7.27,0.047249779,0.94387572,0.008874501
7.28,0.047249563,0.943876815,0.008873622
7.29,0.047249347,0.943877905,0.008872748
7.3,0.047249133,0.94387899,0.008871877
7.31,0.04724892,0.943880069,0.008871011
7.32,0.047248708,0.943881143,0.008870149
7.33,0.047248497,0.943882212,0.008869291
7.34,0.047248287,0.943883276,0.008868437
7.35,0.047248078,0.943884334,0.008867588
7.36,0.04724787,0.943885388,0.008866742
7.37,0.047247663,0.943886436,0.0088659
7.38,0.047247458,0.943887479,0.008865063
7.39,0.047247253,0.943888518,0.008864229
7.4,0.047247049,0.943889551,0.0088634
7.41,0.047246847,0.943890579,0.008862574
7.42,0.047246645,0.943891602,0.008861752
7.43,0.047246445,0.943892621,0.008860934
7.44,0.047246245,0.943893634,0.008860121
7.45,0.047246047,0.943894643,0.008859311
7.46,0.047245849,0.943895647,0.008858504
7.47,0.047245652,0.943896645,0.008857702
7.48,0.047245457,0.943897639,0.008856904
7.49,0.047245262,0.943898629,0.008856109
7.5,0.047245069,0.943899613,0.008855318
7.51,0.047244876,0.943900593,0.008854531
7.52,0.047244684,0.943901568,0.008853748
7.53,0.047244494,0.943902538,0.008852969
7.54,0.047244304,0.943903503,0.008852193
7.55,0.047244115,0.943904464,0.008851421
7.56,0.047243927,0.94390542,0.008850652
7.57,0.04724374,0.943906372,0.008849888
7.58,0.047243554,0.943907319,0.008849127
7.59,0.047243369,0.943908261,0.008848369
7.6,0.047243185,0.943909199,0.008847616
7.61,0.047243002,0.943910133,0.008846865
7.62,0.047242819,0.943911062,0.008846119
7.63,0.047242638,0.943911986,0.008845376
7.64,0.047242457,0.943912906,0.008844636
7.65,0.047242278,0.943913822,0.0088439
7.66,0.047242099,0.943914733,0.008843168
7.67,0.047241921,0.94391564,0.008842439
7.68,0.047241744,0.943916543,0.008841713
7.69,0.047241568,0.943917441,0.008840991
7.7,0.047241393,0.943918335,0.008840273
7.71,0.047241218,0.943919224,0.008839558
7.72,0.047241045,0.943920109,0.008838846
7.73,0.047240872,0.94392099,0.008838138
7.74,0.0472407,0.943921867,0.008837433
7.75,0.047240529,0.943922739,0.008836731
7.76,0.047240359,0.943923608,0.008836033
7.77,0.04724019,0.943924472,0.008835338
7.78,0.047240021,0.943925332,0.008834647
7.79,0.047239854,0.943926188,0.008833959
7.8,0.047239687,0.943927039,0.008833274
7.81,0.047239521,0.943927887,0.008832592
7.82,0.047239356,0.94392873,0.008831914
7.83,0.047239192,0.94392957,0.008831239
7.84,0.047239028,0.943930405,0.008830567
7.85,0.047238865,0.943931237,0.008829898
7.86,0.047238703,0.943932064,0.008829233
7.87,0.047238542,0.943932888,0.00882857
7.88,0.047238382,0.943933707,0.008827911
7.89,0.047238222,0.943934523,0.008827255
7.9,0.047238063,0.943935334,0.008826602
7.91,0.047237905,0.943936142,0.008825952
7.92,0.047237748,0.943936946,0.008825306
7.93,0.047237592,0.943937746,0.008824662
7.94,0.047237436,0.943938542,0.008824022
7.95,0.047237281,0.943939335,0.008823384
7.96,0.047237127,0.943940123,0.00882275
7.97,0.047236973,0.943940908,0.008822118
7.98,0.047236821,0.943941689,0.00882149
7.99,0.047236669,0.943942466,0.008820865
8,0.047236518,0.94394324,0.008820243
8.01,0.047236367,0.94394401,0.008819623
8.02,0.047236217,0.943944776,0.008819007
8.03,0.047236068,0.943945538,0.008818393
8.04,0.04723592,0.943946297,0.008817783
8.05,0.047235773,0.943947052,0.008817175
8.06,0.047235626,0.943947803,0.008816571
8.07,0.04723548,0.943948551,0.008815969
8.08,0.047235334,0.943949295,0.00881537
8.09,0.04723519,0.943950036,0.008814774
8.1,0.047235046,0.943950773,0.008814181
8.11,0.047234903,0.943951507,0.00881359
8.12,0.04723476,0.943952237,0.008813003
8.13,0.047234618,0.943952964,0.008812418
8.14,0.047234477,0.943953687,0.008811836
8.15,0.047234336,0.943954407,0.008811257
8.16,0.047234197,0.943955123,0.008810681
8.17,0.047234057,0.943955836,0.008810107
8.18,0.047233919,0.943956545,0.008809536
8.19,0.047233781,0.943957251,0.008808968
8.2,0.047233644,0.943957954,0.008808402
8.21,0.047233508,0.943958653,0.00880784
8.22,0.047233372,0.943959349,0.00880728
8.23,0.047233237,0.943960041,0.008806722
8.24,0.047233102,0.94396073,0.008806168
8.25,0.047232968,0.943961416,0.008805616
8.26,0.047232835,0.943962099,0.008805066
8.27,0.047232703,0.943962778,0.008804519
8.28,0.047232571,0.943963454,0.008803975
8.29,0.04723244,0.943964127,0.008803434
8.3,0.047232309,0.943964796,0.008802895
8.31,0.047232179,0.943965463,0.008802358
8.32,0.04723205,0.943966126,0.008801824
8.33,0.047231921,0.943966786,0.008801293
8.34,0.047231793,0.943967443,0.008800764
8.35,0.047231665,0.943968096,0.008800238
8.36,0.047231539,0.943968747,0.008799715
8.37,0.047231412,0.943969394,0.008799193
8.38,0.047231287,0.943970039,0.008798675
8.39,0.047231162,0.94397068,0.008798158
8.4,0.047231037,0.943971318,0.008797645
8.41,0.047230913,0.943971953,0.008797133
8.42,0.04723079,0.943972586,0.008796624
8.43,0.047230668,0.943973215,0.008796118
8.44,0.047230545,0.943973841,0.008795614
8.45,0.047230424,0.943974464,0.008795112
8.46,0.047230303,0.943975084,0.008794613
8.47,0.047230183,0.943975701,0.008794116
8.48,0.047230063,0.943976315,0.008793622
8.49,0.047229944,0.943976926,0.00879313
8.5,0.047229826,0.943977534,0.00879264
8.51,0.047229708,0.94397814,0.008792153
8.52,0.04722959,0.943978742,0.008791668
8.53,0.047229473,0.943979342,0.008791185
8.54,0.047229357,0.943979938,0.008790705
8.55,0.047229241,0.943980532,0.008790226
8.56,0.047229126,0.943981123,0.008789751
8.57,0.047229012,0.943981711,0.008789277
8.58,0.047228898,0.943982297,0.008788806
8.59,0.047228784,0.943982879,0.008788337
8.6,0.047228671,0.943983459,0.00878787
8.61,0.047228559,0.943984036,0.008787405
8.62,0.047228447,0.94398461,0.008786943
8.63,0.047228336,0.943985182,0.008786483
8.64,0.047228225,0.94398575,0.008786025
8.65,0.047228115,0.943986316,0.008785569
8.66,0.047228005,0.94398688,0.008785115
8.67,0.047227896,0.94398744,0.008784664
8.68,0.047227787,0.943987998,0.008784215
8.69,0.047227679,0.943988554,0.008783768
8.7,0.047227571,0.943989106,0.008783323
8.71,0.047227464,0.943989656,0.00878288
8.72,0.047227357,0.943990203,0.008782439
8.73,0.047227251,0.943990748,0.008782001
8.74,0.047227146,0.94399129,0.008781564
8.75,0.047227041,0.94399183,0.00878113
8.76,0.047226936,0.943992366,0.008780697
8.77,0.047226832,0.943992901,0.008780267
8.78,0.047226729,0.943993433,0.008779839
8.79,0.047226626,0.943993962,0.008779413
8.8,0.047226523,0.943994488,0.008778989
8.81,0.047226421,0.943995013,0.008778566
8.82,0.047226319,0.943995534,0.008778146
8.83,0.047226218,0.943996053,0.008777728
8.84,0.047226118,0.94399657,0.008777312
8.85,0.047226018,0.943997084,0.008776898
8.86,0.047225918,0.943997596,0.008776486
8.87,0.047225819,0.943998105,0.008776076
8.88,0.04722572,0.943998611,0.008775668
8.89,0.047225622,0.943999116,0.008775262
8.9,0.047225524,0.943999618,0.008774857
8.91,0.047225427,0.944000118,0.008774455
8.92,0.04722533,0.944000615,0.008774055
8.93,0.047225234,0.94400111,0.008773656
8.94,0.047225138,0.944001603,0.008773259
8.95,0.047225043,0.944002093,0.008772864
8.96,0.047224948,0.944002581,0.008772472
8.97,0.047224853,0.944003066,0.008772081
8.98,0.047224759,0.944003549,0.008771692
8.99,0.047224666,0.94400403,0.008771304
9,0.047224572,0.944004509,0.008770919
9.01,0.04722448,0.944004985,0.008770535
9.02,0.047224387,0.944005459,0.008770154
9.03,0.047224296,0.94400593,0.008769774
9.04,0.047224204,0.9440064,0.008769396
9.05,0.047224113,0.944006867,0.00876902
9.06,0.047224023,0.944007332,0.008768645
9.07,0.047223933,0.944007795,0.008768272
9.08,0.047223843,0.944008255,0.008767902
9.09,0.047223754,0.944008713,0.008767533
9.1,0.047223665,0.94400917,0.008767165
9.11,0.047223577,0.944009624,0.0087668
9.12,0.047223489,0.944010075,0.008766436
9.13,0.047223402,0.944010525,0.008766074
9.14,0.047223314,0.944010972,0.008765713
9.15,0.047223228,0.944011418,0.008765355
9.16,0.047223142,0.944011861,0.008764998
9.17,0.047223056,0.944012302,0.008764642
9.18,0.04722297,0.944012741,0.008764289
9.19,0.047222885,0.944013178,0.008763937
9.2,0.047222801,0.944013613,0.008763587
9.21,0.047222716,0.944014045,0.008763238
9.22,0.047222633,0.944014476,0.008762891
9.23,0.047222549,0.944014904,0.008762546
9.24,0.047222466,0.944015331,0.008762203
9.25,0.047222384,0.944015755,0.008761861
9.26,0.047222302,0.944016178,0.008761521
9.27,0.04722222,0.944016598,0.008761182
9.28,0.047222138,0.944017017,0.008760845
9.29,0.047222057,0.944017433,0.00876051
9.3,0.047221977,0.944017848,0.008760176
9.31,0.047221896,0.94401826,0.008759844
9.32,0.047221817,0.944018671,0.008759513
9.33,0.047221737,0.944019079,0.008759184
9.34,0.047221658,0.944019486,0.008758856
9.35,0.047221579,0.94401989,0.00875853
9.36,0.047221501,0.944020293,0.008758206
9.37,0.047221423,0.944020694,0.008757883
9.38,0.047221345,0.944021093,0.008757562
9.39,0.047221268,0.94402149,0.008757242
9.4,0.047221191,0.944021885,0.008756924
9.41,0.047221115,0.944022278,0.008756607
9.42,0.047221039,0.944022669,0.008756292
9.43,0.047220963,0.944023059,0.008755979
9.44,0.047220887,0.944023446,0.008755666
9.45,0.047220812,0.944023832,0.008755356
9.46,0.047220738,0.944024216,0.008755046
9.47,0.047220663,0.944024598,0.008754739
9.48,0.047220589,0.944024978,0.008754432
9.49,0.047220516,0.944025357,0.008754128
9.5,0.047220442,0.944025733,0.008753824
9.51,0.04722037,0.944026108,0.008753522
9.52,0.047220297,0.944026481,0.008753222
9.53,0.047220225,0.944026852,0.008752923
9.54,0.047220153,0.944027222,0.008752625
9.55,0.047220081,0.944027589,0.008752329
9.56,0.04722001,0.944027955,0.008752034
9.57,0.047219939,0.94402832,0.008751741
9.58,0.047219869,0.944028682,0.008751449
9.59,0.047219799,0.944029043,0.008751159
9.6,0.047219729,0.944029402,0.00875087
9.61,0.047219659,0.944029759,0.008750582
9.62,0.04721959,0.944030114,0.008750295
9.63,0.047219521,0.944030468,0.008750011
9.64,0.047219453,0.94403082,0.008749727
9.65,0.047219385,0.944031171,0.008749445
9.66,0.047219317,0.944031519,0.008749164
9.67,0.047219249,0.944031866,0.008748884
9.68,0.047219182,0.944032212,0.008748606
9.69,0.047219115,0.944032556,0.008748329
9.7,0.047219049,0.944032898,0.008748053
9.71,0.047218982,0.944033238,0.008747779
9.72,0.047218917,0.944033577,0.008747506
9.73,0.047218851,0.944033914,0.008747235
9.74,0.047218786,0.94403425,0.008746964
9.75,0.047218721,0.944034584,0.008746695
9.76,0.047218656,0.944034917,0.008746427
9.77,0.047218592,0.944035247,0.008746161
9.78,0.047218528,0.944035577,0.008745896
9.79,0.047218464,0.944035905,0.008745632
9.8,0.0472184,0.944036231,0.008745369
9.81,0.047218337,0.944036555,0.008745107
9.82,0.047218274,0.944036878,0.008744847
9.83,0.047218212,0.9440372,0.008744588
9.84,0.04721815,0.94403752,0.00874433
9.85,0.047218088,0.944037838,0.008744074
9.86,0.047218026,0.944038155,0.008743819
9.87,0.047217965,0.944038471,0.008743564
9.88,0.047217904,0.944038785,0.008743312
9.89,0.047217843,0.944039097,0.00874306
9.9,0.047217782,0.944039408,0.008742809
9.91,0.047217722,0.944039718,0.00874256
9.92,0.047217662,0.944040026,0.008742312
9.93,0.047217603,0.944040332,0.008742065
9.94,0.047217543,0.944040637,0.008741819
9.95,0.047217484,0.944040941,0.008741575
9.96,0.047217426,0.944041243,0.008741331
9.97,0.047217367,0.944041544,0.008741089
9.98,0.047217309,0.944041843,0.008740848
9.99,0.047217251,0.944042141,0.008740608
10,0.047217193,0.944042437,0.00874037
10.01,0.047217136,0.944042732,0.008740132
10.02,0.047217079,0.944043026,0.008739895
10.03,0.047217022,0.944043318,0.00873966
10.04,0.047216966,0.944043608,0.008739426
10.05,0.047216909,0.944043898,0.008739193
10.06,0.047216853,0.944044186,0.008738961
10.07,0.047216798,0.944044472,0.00873873
10.08,0.047216742,0.944044758,0.0087385
10.09,0.047216687,0.944045041,0.008738272
10.1,0.047216632,0.944045324,0.008738044
10.11,0.047216577,0.944045605,0.008737818
10.12,0.047216523,0.944045885,0.008737592
10.13,0.047216469,0.944046163,0.008737368
10.14,0.047216415,0.94404644,0.008737145
10.15,0.047216361,0.944046716,0.008736923
10.16,0.047216308,0.94404699,0.008736702
10.17,0.047216255,0.944047263,0.008736482
10.18,0.047216202,0.944047535,0.008736263
10.19,0.04721615,0.944047805,0.008736045
10.2,0.047216097,0.944048074,0.008735828
10.21,0.047216045,0.944048342,0.008735613
10.22,0.047215994,0.944048609,0.008735398
10.23,0.047215942,0.944048874,0.008735184
10.24,0.047215891,0.944049138,0.008734971
10.25,0.04721584,0.944049401,0.00873476
10.26,0.047215789,0.944049662,0.008734549
10.27,0.047215738,0.944049922,0.00873434
10.28,0.047215688,0.944050181,0.008734131
10.29,0.047215638,0.944050439,0.008733923
10.3,0.047215588,0.944050695,0.008733717
10.31,0.047215538,0.944050951,0.008733511
10.32,0.047215489,0.944051205,0.008733306
10.33,0.04721544,0.944051458,0.008733103
10.34,0.047215391,0.944051709,0.0087329
10.35,0.047215342,0.94405196,0.008732698
10.36,0.047215294,0.944052209,0.008732497
10.37,0.047215246,0.944052457,0.008732297
10.38,0.047215198,0.944052704,0.008732099
10.39,0.04721515,0.944052949,0.008731901
10.4,0.047215102,0.944053194,0.008731704
10.41,0.047215055,0.944053437,0.008731508
10.42,0.047215008,0.944053679,0.008731313
10.43,0.047214961,0.94405392,0.008731118
10.44,0.047214915,0.94405416,0.008730925
10.45,0.047214868,0.944054399,0.008730733
10.46,0.047214822,0.944054637,0.008730541
10.47,0.047214776,0.944054873,0.008730351
10.48,0.04721473,0.944055108,0.008730161
10.49,0.047214685,0.944055342,0.008729973
10.5,0.04721464,0.944055575,0.008729785
10.51,0.047214595,0.944055807,0.008729598
10.52,0.04721455,0.944056038,0.008729412
10.53,0.047214505,0.944056268,0.008729227
10.54,0.047214461,0.944056497,0.008729043
10.55,0.047214416,0.944056724,0.008728859
10.56,0.047214372,0.944056951,0.008728677
10.57,0.047214329,0.944057176,0.008728495
10.58,0.047214285,0.9440574,0.008728315
10.59,0.047214242,0.944057624,0.008728135
10.6,0.047214198,0.944057846,0.008727956
10.61,0.047214155,0.944058067,0.008727778
10.62,0.047214113,0.944058287,0.008727601
10.63,0.04721407,0.944058506,0.008727424
10.64,0.047214028,0.944058724,0.008727249
10.65,0.047213986,0.944058941,0.008727074
10.66,0.047213944,0.944059156,0.0087269
10.67,0.047213902,0.944059371,0.008726727
10.68,0.04721386,0.944059585,0.008726555
10.69,0.047213819,0.944059798,0.008726383
10.7,0.047213778,0.94406001,0.008726213
10.71,0.047213737,0.94406022,0.008726043
10.72,0.047213696,0.94406043,0.008725874
10.73,0.047213656,0.944060639,0.008725706
10.74,0.047213615,0.944060846,0.008725538
10.75,0.047213575,0.944061053,0.008725372
10.76,0.047213535,0.944061259,0.008725206
10.77,0.047213495,0.944061464,0.008725041
10.78,0.047213456,0.944061667,0.008724877
10.79,0.047213416,0.94406187,0.008724714
10.8,0.047213377,0.944062072,0.008724551
10.81,0.047213338,0.944062273,0.008724389
10.82,0.047213299,0.944062473,0.008724228
10.83,0.04721326,0.944062672,0.008724068
10.84,0.047213222,0.94406287,0.008723908
10.85,0.047213184,0.944063067,0.008723749
10.86,0.047213146,0.944063263,0.008723591
10.87,0.047213108,0.944063458,0.008723434
10.88,0.04721307,0.944063652,0.008723278
10.89,0.047213032,0.944063846,0.008723122
10.9,0.047212995,0.944064038,0.008722967
10.91,0.047212958,0.94406423,0.008722813
10.92,0.047212921,0.94406442,0.008722659
10.93,0.047212884,0.94406461,0.008722506
10.94,0.047212847,0.944064799,0.008722354
10.95,0.04721281,0.944064987,0.008722203
10.96,0.047212774,0.944065174,0.008722052
10.97,0.047212738,0.94406536,0.008721902
10.98,0.047212702,0.944065545,0.008721753
10.99,0.047212666,0.944065729,0.008721605
11,0.04721263,0.944065913,0.008721457
11.01,0.047212595,0.944066095,0.00872131
11.02,0.04721256,0.944066277,0.008721164
11.03,0.047212524,0.944066458,0.008721018
11.04,0.047212489,0.944066638,0.008720873
11.05,0.047212455,0.944066817,0.008720729
11.06,0.04721242,0.944066995,0.008720585
11.07,0.047212385,0.944067173,0.008720442
11.08,0.047212351,0.944067349,0.0087203
11.09,0.047212317,0.944067525,0.008720158
11.1,0.047212283,0.9440677,0.008720018
11.11,0.047212249,0.944067874,0.008719877
11.12,0.047212215,0.944068047,0.008719738
11.13,0.047212182,0.944068219,0.008719599
11.14,0.047212148,0.944068391,0.008719461
11.15,0.047212115,0.944068562,0.008719323
11.16,0.047212082,0.944068732,0.008719186
11.17,0.047212049,0.944068901,0.00871905
11.18,0.047212016,0.944069069,0.008718915
11.19,0.047211984,0.944069236,0.00871878
11.2,0.047211951,0.944069403,0.008718645
11.21,0.047211919,0.944069569,0.008718512
11.22,0.047211887,0.944069734,0.008718379
11.23,0.047211855,0.944069899,0.008718247
11.24,0.047211823,0.944070062,0.008718115
11.25,0.047211791,0.944070225,0.008717984
11.26,0.04721176,0.944070387,0.008717853
11.27,0.047211729,0.944070548,0.008717724
11.28,0.047211697,0.944070708,0.008717594
11.29,0.047211666,0.944070868,0.008717466
11.3,0.047211635,0.944071027,0.008717338
11.31,0.047211604,0.944071185,0.00871721
11.32,0.047211574,0.944071342,0.008717084
11.33,0.047211543,0.944071499,0.008716958
11.34,0.047211513,0.944071655,0.008716832
11.35,0.047211483,0.94407181,0.008716707
11.36,0.047211453,0.944071965,0.008716583
11.37,0.047211423,0.944072118,0.008716459
11.38,0.047211393,0.944072271,0.008716336
11.39,0.047211363,0.944072423,0.008716213
11.4,0.047211334,0.944072575,0.008716091
11.41,0.047211304,0.944072726,0.00871597
11.42,0.047211275,0.944072876,0.008715849
11.43,0.047211246,0.944073025,0.008715729
11.44,0.047211217,0.944073174,0.008715609
11.45,0.047211188,0.944073322,0.00871549
11.46,0.04721116,0.944073469,0.008715372
11.47,0.047211131,0.944073615,0.008715254
11.48,0.047211103,0.944073761,0.008715136
11.49,0.047211074,0.944073906,0.008715019
11.5,0.047211046,0.944074051,0.008714903
11.51,0.047211018,0.944074194,0.008714787
11.52,0.04721099,0.944074337,0.008714672
11.53,0.047210963,0.94407448,0.008714558
11.54,0.047210935,0.944074621,0.008714443
11.55,0.047210908,0.944074762,0.00871433
11.56,0.04721088,0.944074903,0.008714217
11.57,0.047210853,0.944075042,0.008714104
11.58,0.047210826,0.944075181,0.008713993
11.59,0.047210799,0.94407532,0.008713881
11.6,0.047210772,0.944075457,0.00871377
11.61,0.047210746,0.944075594,0.00871366
11.62,0.047210719,0.944075731,0.00871355
11.63,0.047210693,0.944075866,0.008713441
11.64,0.047210666,0.944076001,0.008713332
11.65,0.04721064,0.944076136,0.008713224
11.66,0.047210614,0.94407627,0.008713116
11.67,0.047210588,0.944076403,0.008713009
11.68,0.047210562,0.944076535,0.008712902
11.69,0.047210537,0.944076667,0.008712796
11.7,0.047210511,0.944076798,0.008712691
11.71,0.047210486,0.944076929,0.008712585
11.72,0.04721046,0.944077059,0.008712481
11.73,0.047210435,0.944077188,0.008712377
11.74,0.04721041,0.944077317,0.008712273
11.75,0.047210385,0.944077445,0.00871217
11.76,0.04721036,0.944077572,0.008712067
11.77,0.047210336,0.944077699,0.008711965
11.78,0.047210311,0.944077825,0.008711863
11.79,0.047210287,0.944077951,0.008711762
11.8,0.047210262,0.944078076,0.008711662
11.81,0.047210238,0.944078201,0.008711561
11.82,0.047210214,0.944078324,0.008711462
11.83,0.04721019,0.944078448,0.008711362
11.84,0.047210166,0.94407857,0.008711264
11.85,0.047210142,0.944078692,0.008711165
11.86,0.047210119,0.944078814,0.008711067
11.87,0.047210095,0.944078935,0.00871097
11.88,0.047210072,0.944079055,0.008710873
11.89,0.047210048,0.944079175,0.008710777
11.9,0.047210025,0.944079294,0.008710681
11.91,0.047210002,0.944079413,0.008710585
11.92,0.047209979,0.944079531,0.00871049
11.93,0.047209956,0.944079648,0.008710395
11.94,0.047209934,0.944079765,0.008710301
11.95,0.047209911,0.944079881,0.008710208
11.96,0.047209888,0.944079997,0.008710114
11.97,0.047209866,0.944080112,0.008710021
11.98,0.047209844,0.944080227,0.008709929
11.99,0.047209822,0.944080341,0.008709837
12,0.047209799,0.944080455,0.008709746
12.01,0.047209777,0.944080568,0.008709655
12.02,0.047209756,0.944080681,0.008709564
12.03,0.047209734,0.944080793,0.008709474
12.04,0.047209712,0.944080904,0.008709384
12.05,0.047209691,0.944081015,0.008709295
12.06,0.047209669,0.944081125,0.008709206
12.07,0.047209648,0.944081235,0.008709117
12.08,0.047209626,0.944081345,0.008709029
12.09,0.047209605,0.944081453,0.008708941
12.1,0.047209584,0.944081562,0.008708854
12.11,0.047209563,0.944081669,0.008708767
12.12,0.047209543,0.944081777,0.008708681
12.13,0.047209522,0.944081883,0.008708595
12.14,0.047209501,0.94408199,0.008708509
12.15,0.047209481,0.944082095,0.008708424
12.16,0.04720946,0.944082201,0.008708339
12.17,0.04720944,0.944082305,0.008708255
12.18,0.04720942,0.94408241,0.008708171
12.19,0.047209399,0.944082513,0.008708087
12.2,0.047209379,0.944082616,0.008708004
12.21,0.047209359,0.944082719,0.008707921
12.22,0.04720934,0.944082821,0.008707839
12.23,0.04720932,0.944082923,0.008707757
12.24,0.0472093,0.944083024,0.008707675
12.25,0.047209281,0.944083125,0.008707594
12.26,0.047209261,0.944083225,0.008707513
12.27,0.047209242,0.944083325,0.008707433
12.28,0.047209223,0.944083424,0.008707353
12.29,0.047209203,0.944083523,0.008707273
12.3,0.047209184,0.944083622,0.008707194
12.31,0.047209165,0.944083719,0.008707115
12.32,0.047209147,0.944083817,0.008707037
12.33,0.047209128,0.944083914,0.008706958
12.34,0.047209109,0.94408401,0.008706881
12.35,0.04720909,0.944084106,0.008706803
12.36,0.047209072,0.944084202,0.008706726
12.37,0.047209054,0.944084297,0.00870665
12.38,0.047209035,0.944084391,0.008706573
12.39,0.047209017,0.944084486,0.008706497
12.4,0.047208999,0.944084579,0.008706422
12.41,0.047208981,0.944084672,0.008706347
12.42,0.047208963,0.944084765,0.008706272
12.43,0.047208945,0.944084857,0.008706197
12.44,0.047208927,0.944084949,0.008706123
12.45,0.04720891,0.944085041,0.00870605
12.46,0.047208892,0.944085132,0.008705976
12.47,0.047208875,0.944085222,0.008705903
12.48,0.047208857,0.944085312,0.008705831
12.49,0.04720884,0.944085402,0.008705758
12.5,0.047208823,0.944085491,0.008705686
12.51,0.047208805,0.94408558,0.008705615
12.52,0.047208788,0.944085668,0.008705543
12.53,0.047208771,0.944085756,0.008705472
12.54,0.047208754,0.944085844,0.008705402
12.55,0.047208738,0.944085931,0.008705332
12.56,0.047208721,0.944086017,0.008705262
12.57,0.047208704,0.944086104,0.008705192
12.58,0.047208688,0.94408619,0.008705123
12.59,0.047208671,0.944086275,0.008705054
12.6,0.047208655,0.94408636,0.008704985
12.61,0.047208638,0.944086445,0.008704917
12.62,0.047208622,0.944086529,0.008704849
12.63,0.047208606,0.944086613,0.008704781
12.64,0.04720859,0.944086696,0.008704714
12.65,0.047208574,0.944086779,0.008704647
12.66,0.047208558,0.944086862,0.00870458
12.67,0.047208542,0.944086944,0.008704514
12.68,0.047208526,0.944087026,0.008704448
12.69,0.047208511,0.944087107,0.008704382
12.7,0.047208495,0.944087188,0.008704317
12.71,0.04720848,0.944087269,0.008704252
12.72,0.047208464,0.944087349,0.008704187
12.73,0.047208449,0.944087429,0.008704122
12.74,0.047208433,0.944087508,0.008704058
12.75,0.047208418,0.944087588,0.008703994
12.76,0.047208403,0.944087666,0.008703931
12.77,0.047208388,0.944087745,0.008703868
12.78,0.047208373,0.944087823,0.008703805
12.79,0.047208358,0.9440879,0.008703742
12.8,0.047208343,0.944087978,0.00870368
12.81,0.047208328,0.944088054,0.008703617
12.82,0.047208313,0.944088131,0.008703556
12.83,0.047208299,0.944088207,0.008703494
12.84,0.047208284,0.944088283,0.008703433
12.85,0.04720827,0.944088358,0.008703372
12.86,0.047208255,0.944088433,0.008703312
12.87,0.047208241,0.944088508,0.008703251
12.88,0.047208226,0.944088582,0.008703191
12.89,0.047208212,0.944088656,0.008703132
12.9,0.047208198,0.94408873,0.008703072
12.91,0.047208184,0.944088803,0.008703013
12.92,0.04720817,0.944088876,0.008702954
12.93,0.047208156,0.944088949,0.008702895
12.94,0.047208142,0.944089021,0.008702837
12.95,0.047208128,0.944089093,0.008702779
12.96,0.047208114,0.944089164,0.008702721
12.97,0.0472081,0.944089236,0.008702664
12.98,0.047208087,0.944089307,0.008702607
12.99,0.047208073,0.944089377,0.00870255
13,0.04720806,0.944089447,0.008702493
13.01,0.047208046,0.944089517,0.008702437
13.02,0.047208033,0.944089587,0.008702381
13.03,0.047208019,0.944089656,0.008702325
13.04,0.047208006,0.944089725,0.008702269
13.05,0.047207993,0.944089793,0.008702214
13.06,0.04720798,0.944089861,0.008702159
13.07,0.047207967,0.944089929,0.008702104
13.08,0.047207954,0.944089997,0.00870205
13.09,0.047207941,0.944090064,0.008701995
13.1,0.047207928,0.944090131,0.008701941
13.11,0.047207915,0.944090198,0.008701888
13.12,0.047207902,0.944090264,0.008701834
13.13,0.047207889,0.94409033,0.008701781
13.14,0.047207877,0.944090395,0.008701728
13.15,0.047207864,0.944090461,0.008701675
13.16,0.047207851,0.944090526,0.008701623
13.17,0.047207839,0.944090591,0.008701571
13.18,0.047207827,0.944090655,0.008701519
13.19,0.047207814,0.944090719,0.008701467
13.2,0.047207802,0.944090783,0.008701415
13.21,0.047207789,0.944090846,0.008701364
13.22,0.047207777,0.944090909,0.008701313
13.23,0.047207765,0.944090972,0.008701263
13.24,0.047207753,0.944091035,0.008701212
13.25,0.047207741,0.944091097,0.008701162
13.26,0.047207729,0.944091159,0.008701112
13.27,0.047207717,0.944091221,0.008701062
13.28,0.047207705,0.944091282,0.008701013
13.29,0.047207693,0.944091343,0.008700963
13.3,0.047207681,0.944091404,0.008700914
13.31,0.04720767,0.944091465,0.008700865
13.32,0.047207658,0.944091525,0.008700817
13.33,0.047207646,0.944091585,0.008700769
13.34,0.047207635,0.944091645,0.00870072
13.35,0.047207623,0.944091704,0.008700672
13.36,0.047207612,0.944091763,0.008700625
13.37,0.0472076,0.944091822,0.008700577
13.38,0.047207589,0.944091881,0.00870053
13.39,0.047207578,0.944091939,0.008700483
13.4,0.047207566,0.944091997,0.008700436
13.41,0.047207555,0.944092055,0.00870039
13.42,0.047207544,0.944092113,0.008700344
13.43,0.047207533,0.94409217,0.008700297
13.44,0.047207522,0.944092227,0.008700252
13.45,0.047207511,0.944092283,0.008700206
13.46,0.0472075,0.94409234,0.008700161
13.47,0.047207489,0.944092396,0.008700115
13.48,0.047207478,0.944092452,0.00870007
13.49,0.047207467,0.944092508,0.008700026
13.5,0.047207456,0.944092563,0.008699981
13.51,0.047207445,0.944092618,0.008699937
13.52,0.047207435,0.944092673,0.008699892
13.53,0.047207424,0.944092728,0.008699848
13.54,0.047207413,0.944092782,0.008699805
13.55,0.047207403,0.944092836,0.008699761
13.56,0.047207392,0.94409289,0.008699718
13.57,0.047207382,0.944092944,0.008699675
13.58,0.047207371,0.944092997,0.008699632
13.59,0.047207361,0.94409305,0.008699589
13.6,0.04720735,0.944093103,0.008699547
13.61,0.04720734,0.944093155,0.008699504
13.62,0.04720733,0.944093208,0.008699462
13.63,0.04720732,0.94409326,0.00869942
13.64,0.047207309,0.944093312,0.008699379
13.65,0.047207299,0.944093364,0.008699337
13.66,0.047207289,0.944093415,0.008699296
13.67,0.047207279,0.944093466,0.008699255
13.68,0.047207269,0.944093517,0.008699214
13.69,0.047207259,0.944093568,0.008699173
13.7,0.047207249,0.944093618,0.008699133
13.71,0.047207239,0.944093668,0.008699092
13.72,0.047207229,0.944093718,0.008699052
13.73,0.047207219,0.944093768,0.008699012
13.74,0.04720721,0.944093818,0.008698973
13.75,0.0472072,0.944093867,0.008698933
13.76,0.04720719,0.944093916,0.008698894
13.77,0.047207181,0.944093965,0.008698855
13.78,0.047207171,0.944094013,0.008698816
13.79,0.047207161,0.944094062,0.008698777
13.8,0.047207152,0.94409411,0.008698738
13.81,0.047207142,0.944094158,0.0086987
13.82,0.047207133,0.944094206,0.008698662
13.83,0.047207123,0.944094253,0.008698624
13.84,0.047207114,0.9440943,0.008698586
13.85,0.047207104,0.944094347,0.008698548
13.86,0.047207095,0.944094394,0.008698511
13.87,0.047207086,0.944094441,0.008698473
13.88,0.047207076,0.944094487,0.008698436
13.89,0.047207067,0.944094534,0.008698399
13.9,0.047207058,0.94409458,0.008698362
13.91,0.047207049,0.944094625,0.008698326
13.92,0.04720704,0.944094671,0.008698289
13.93,0.047207031,0.944094716,0.008698253
13.94,0.047207022,0.944094761,0.008698217
13.95,0.047207013,0.944094806,0.008698181
13.96,0.047207004,0.944094851,0.008698145
13.97,0.047206995,0.944094895,0.00869811
13.98,0.047206986,0.944094939,0.008698074
13.99,0.047206977,0.944094984,0.008698039
14,0.047206968,0.944095027,0.008698004
14.01,0.04720696,0.944095071,0.008697969
14.02,0.047206951,0.944095114,0.008697935
14.03,0.047206942,0.944095158,0.0086979
14.04,0.047206934,0.944095201,0.008697866
14.05,0.047206925,0.944095243,0.008697831
14.06,0.047206917,0.944095286,0.008697797
14.07,0.047206908,0.944095328,0.008697763
14.08,0.0472069,0.944095371,0.00869773
14.09,0.047206891,0.944095413,0.008697696
14.1,0.047206883,0.944095454,0.008697663
14.11,0.047206875,0.944095496,0.008697629
14.12,0.047206867,0.944095537,0.008697596
14.13,0.047206858,0.944095578,0.008697563
14.14,0.04720685,0.944095619,0.00869753
14.15,0.047206842,0.94409566,0.008697498
14.16,0.047206834,0.944095701,0.008697465
14.17,0.047206826,0.944095741,0.008697433
14.18,0.047206818,0.944095781,0.008697401
14.19,0.04720681,0.944095821,0.008697369
14.2,0.047206802,0.944095861,0.008697337
14.21,0.047206794,0.944095901,0.008697305
14.22,0.047206787,0.94409594,0.008697274
14.23,0.047206779,0.944095979,0.008697242
14.24,0.047206771,0.944096018,0.008697211
14.25,0.047206763,0.944096057,0.00869718
14.26,0.047206756,0.944096095,0.008697149
14.27,0.047206748,0.944096134,0.008697118
14.28,0.047206741,0.944096172,0.008697087
14.29,0.047206733,0.94409621,0.008697057
14.3,0.047206726,0.944096248,0.008697026
14.31,0.047206718,0.944096285,0.008696996
14.32,0.047206711,0.944096323,0.008696966
14.33,0.047206704,0.94409636,0.008696936
14.34,0.047206697,0.944096397,0.008696906
14.35,0.047206689,0.944096434,0.008696877
14.36,0.047206682,0.944096471,0.008696847
14.37,0.047206675,0.944096507,0.008696818
14.38,0.047206668,0.944096544,0.008696788
14.39,0.047206661,0.94409658,0.008696759
14.4,0.047206654,0.944096616,0.00869673
14.41,0.047206647,0.944096651,0.008696701
14.42,0.04720664,0.944096687,0.008696673
14.43,0.047206634,0.944096722,0.008696644
14.44,0.047206627,0.944096757,0.008696616
14.45,0.04720662,0.944096792,0.008696587
14.46,0.047206614,0.944096827,0.008696559
14.47,0.047206607,0.944096862,0.008696531
14.48,0.047206601,0.944096896,0.008696503
14.49,0.047206594,0.94409693,0.008696476
14.5,0.047206588,0.944096964,0.008696448
14.51,0.047206581,0.944096998,0.008696421
14.52,0.047206575,0.944097032,0.008696393
14.53,0.047206569,0.944097065,0.008696366
14.54,0.047206563,0.944097099,0.008696339
14.55,0.047206556,0.944097132,0.008696312
14.56,0.04720655,0.944097165,0.008696285
14.57,0.047206544,0.944097197,0.008696258
14.58,0.047206538,0.94409723,0.008696232
14.59,0.047206532,0.944097262,0.008696205
14.6,0.047206526,0.944097295,0.008696179
14.61,0.04720652,0.944097327,0.008696153
14.62,0.047206514,0.944097359,0.008696127
14.63,0.047206508,0.944097391,0.008696101
14.64,0.047206503,0.944097422,0.008696075
14.65,0.047206497,0.944097454,0.008696049
14.66,0.047206491,0.944097485,0.008696024
14.67,0.047206485,0.944097517,0.008695998
14.68,0.047206479,0.944097548,0.008695973
14.69,0.047206473,0.944097579,0.008695948
14.7,0.047206467,0.94409761,0.008695923
14.71,0.047206461,0.944097641,0.008695898
14.72,0.047206455,0.944097672,0.008695873
14.73,0.047206449,0.944097703,0.008695848
14.74,0.047206443,0.944097733,0.008695824
14.75,0.047206437,0.944097764,0.008695799
14.76,0.047206431,0.944097794,0.008695775
14.77,0.047206425,0.944097824,0.008695751
14.78,0.047206419,0.944097854,0.008695726
14.79,0.047206413,0.944097884,0.008695702
14.8,0.047206407,0.944097914,0.008695679
14.81,0.047206401,0.944097944,0.008695655
14.82,0.047206395,0.944097973,0.008695631
14.83,0.04720639,0.944098003,0.008695608
14.84,0.047206384,0.944098032,0.008695584
14.85,0.047206378,0.944098061,0.008695561
14.86,0.047206372,0.94409809,0.008695538
14.87,0.047206367,0.944098119,0.008695514
14.88,0.047206361,0.944098148,0.008695491
14.89,0.047206355,0.944098176,0.008695469
14.9,0.04720635,0.944098205,0.008695446
14.91,0.047206344,0.944098233,0.008695423
14.92,0.047206339,0.944098261,0.008695401
14.93,0.047206333,0.944098289,0.008695378
14.94,0.047206328,0.944098316,0.008695356
14.95,0.047206322,0.944098344,0.008695333
14.96,0.047206317,0.944098372,0.008695311
14.97,0.047206312,0.944098399,0.008695289
14.98,0.047206306,0.944098426,0.008695267
14.99,0.047206301,0.944098453,0.008695246
15,0.047206296,0.94409848,0.008695224
15.01,0.047206291,0.944098507,0.008695202
15.02,0.047206286,0.944098534,0.008695181
15.03,0.04720628,0.94409856,0.008695159
15.04,0.047206275,0.944098587,0.008695138
15.05,0.04720627,0.944098613,0.008695117
15.06,0.047206265,0.944098639,0.008695096
15.07,0.04720626,0.944098665,0.008695075
15.08,0.047206255,0.944098691,0.008695054
15.09,0.04720625,0.944098717,0.008695033
15.1,0.047206245,0.944098743,0.008695012
15.11,0.04720624,0.944098768,0.008694992
15.12,0.047206235,0.944098794,0.008694971
15.13,0.04720623,0.944098819,0.008694951
15.14,0.047206225,0.944098844,0.00869493
15.15,0.047206221,0.944098869,0.00869491
15.16,0.047206216,0.944098894,0.00869489
15.17,0.047206211,0.944098919,0.00869487
15.18,0.047206206,0.944098944,0.00869485
15.19,0.047206201,0.944098968,0.00869483
15.2,0.047206197,0.944098993,0.008694811
15.21,0.047206192,0.944099017,0.008694791
15.22,0.047206187,0.944099041,0.008694771
15.23,0.047206183,0.944099066,0.008694752
15.24,0.047206178,0.94409909,0.008694733
15.25,0.047206173,0.944099114,0.008694713
15.26,0.047206168,0.944099137,0.008694694
15.27,0.047206164,0.944099161,0.008694675
15.28,0.047206159,0.944099185,0.008694656
15.29,0.047206155,0.944099208,0.008694637
15.3,0.04720615,0.944099231,0.008694618
15.31,0.047206146,0.944099255,0.0086946
15.32,0.047206141,0.944099278,0.008694581
15.33,0.047206137,0.944099301,0.008694563
15.34,0.047206132,0.944099324,0.008694544
15.35,0.047206128,0.944099347,0.008694526
15.36,0.047206123,0.944099369,0.008694507
15.37,0.047206119,0.944099392,0.008694489
15.38,0.047206114,0.944099415,0.008694471
15.39,0.04720611,0.944099437,0.008694453
15.4,0.047206106,0.944099459,0.008694435
15.41,0.047206101,0.944099481,0.008694417
15.42,0.047206097,0.944099503,0.0086944
15.43,0.047206093,0.944099525,0.008694382
15.44,0.047206088,0.944099547,0.008694364
15.45,0.047206084,0.944099569,0.008694347
15.46,0.04720608,0.944099591,0.008694329
15.47,0.047206076,0.944099612,0.008694312
15.48,0.047206072,0.944099634,0.008694295
15.49,0.047206067,0.944099655,0.008694278
15.5,0.047206063,0.944099676,0.008694261
15.51,0.047206059,0.944099697,0.008694244
15.52,0.047206055,0.944099718,0.008694227
15.53,0.047206051,0.944099739,0.00869421
15.54,0.047206047,0.94409976,0.008694193
15.55,0.047206043,0.944099781,0.008694176
15.56,0.047206039,0.944099801,0.00869416
15.57,0.047206035,0.944099822,0.008694143
15.58,0.047206031,0.944099842,0.008694127
15.59,0.047206027,0.944099863,0.00869411
15.6,0.047206023,0.944099883,0.008694094
15.61,0.047206019,0.944099903,0.008694078
15.62,0.047206015,0.944099923,0.008694062
15.63,0.047206011,0.944099943,0.008694046
15.64,0.047206007,0.944099963,0.00869403
15.65,0.047206004,0.944099983,0.008694014
15.66,0.047206,0.944100002,0.008693998
15.67,0.047205996,0.944100022,0.008693982
15.68,0.047205992,0.944100041,0.008693967
15.69,0.047205989,0.94410006,0.008693951
15.7,0.047205985,0.94410008,0.008693935
15.71,0.047205981,0.944100099,0.00869392
15.72,0.047205977,0.944100118,0.008693905
15.73,0.047205974,0.944100137,0.008693889
15.74,0.04720597,0.944100156,0.008693874
15.75,0.047205966,0.944100175,0.008693859
15.76,0.047205963,0.944100193,0.008693844
15.77,0.047205959,0.944100212,0.008693829
15.78,0.047205956,0.944100231,0.008693814
15.79,0.047205952,0.944100249,0.008693799
15.8,0.047205948,0.944100267,0.008693784
15.81,0.047205945,0.944100286,0.008693769
15.82,0.047205941,0.944100304,0.008693755
15.83,0.047205938,0.944100322,0.00869374
15.84,0.047205934,0.94410034,0.008693726
15.85,0.047205931,0.944100358,0.008693711
15.86,0.047205927,0.944100376,0.008693697
15.87,0.047205924,0.944100393,0.008693683
15.88,0.047205921,0.944100411,0.008693668
15.89,0.047205917,0.944100429,0.008693654
15.9,0.047205914,0.944100446,0.00869364
15.91,0.04720591,0.944100464,0.008693626
15.92,0.047205907,0.944100481,0.008693612
15.93,0.047205904,0.944100498,0.008693598
15.94,0.0472059,0.944100515,0.008693584
15.95,0.047205897,0.944100533,0.00869357
15.96,0.047205894,0.94410055,0.008693557
15.97,0.04720589,0.944100566,0.008693543
15.98,0.047205887,0.944100583,0.00869353
15.99,0.047205884,0.9441006,0.008693516
16,0.047205881,0.944100617,0.008693503
16.01,0.047205877,0.944100633,0.008693489
16.02,0.047205874,0.94410065,0.008693476
16.03,0.047205871,0.944100666,0.008693463
16.04,0.047205868,0.944100683,0.008693449
16.05,0.047205865,0.944100699,0.008693436
16.06,0.047205861,0.944100715,0.008693423
16.07,0.047205858,0.944100731,0.00869341
16.08,0.047205855,0.944100748,0.008693397
16.09,0.047205852,0.944100764,0.008693384
16.1,0.047205849,0.944100779,0.008693372
16.11,0.047205846,0.944100795,0.008693359
16.12,0.047205843,0.944100811,0.008693346
16.13,0.04720584,0.944100827,0.008693334
16.14,0.047205837,0.944100843,0.00869332
16.15,0.047205834,0.944100859,0.008693308
16.16,0.047205831,0.944100874,0.008693295
16.17,0.047205828,0.944100889,0.008693283
16.18,0.047205825,0.944100905,0.008693271
16.19,0.047205822,0.94410092,0.008693259
16.2,0.047205819,0.944100935,0.008693246
16.21,0.047205816,0.94410095,0.008693234
16.22,0.047205813,0.944100965,0.008693222
16.23,0.04720581,0.94410098,0.00869321
16.24,0.047205807,0.944100995,0.008693198
16.25,0.047205804,0.944101009,0.008693186
16.26,0.047205801,0.944101024,0.008693175
16.27,0.047205798,0.944101039,0.008693163
16.28,0.047205796,0.944101053,0.008693151
16.29,0.047205793,0.944101068,0.008693139
16.3,0.04720579,0.944101082,0.008693128
16.31,0.047205787,0.944101097,0.008693116
16.32,0.047205784,0.944101111,0.008693105
16.33,0.047205782,0.944101125,0.008693093
16.34,0.047205779,0.94410114,0.008693082
16.35,0.047205776,0.944101154,0.00869307
16.36,0.047205773,0.944101168,0.008693059
16.37,0.047205771,0.944101182,0.008693048
16.38,0.047205768,0.944101196,0.008693037
16.39,0.047205765,0.944101209,0.008693025
16.4,0.047205762,0.944101223,0.008693014
16.41,0.04720576,0.944101237,0.008693003
16.42,0.047205757,0.944101251,0.008692992
16.43,0.047205754,0.944101264,0.008692981
16.44,0.047205752,0.944101278,0.00869297
16.45,0.047205749,0.944101291,0.00869296
16.46,0.047205747,0.944101305,0.008692949
16.47,0.047205744,0.944101318,0.008692938
16.48,0.047205741,0.944101331,0.008692927
16.49,0.047205739,0.944101345,0.008692917
16.5,0.047205736,0.944101358,0.008692906
16.51,0.047205734,0.944101371,0.008692895
16.52,0.047205731,0.944101384,0.008692885
16.53,0.047205729,0.944101397,0.008692874
16.54,0.047205726,0.94410141,0.008692864
16.55,0.047205724,0.944101423,0.008692854
16.56,0.047205721,0.944101435,0.008692843
16.57,0.047205719,0.944101448,0.008692833
16.58,0.047205716,0.944101461,0.008692823
16.59,0.047205714,0.944101473,0.008692813
16.6,0.047205711,0.944101486,0.008692803
16.61,0.047205709,0.944101498,0.008692793
16.62,0.047205707,0.944101511,0.008692783
16.63,0.047205704,0.944101523,0.008692773
16.64,0.047205702,0.944101535,0.008692763
16.65,0.047205699,0.944101548,0.008692753
16.66,0.047205697,0.94410156,0.008692743
16.67,0.047205695,0.944101572,0.008692733
16.68,0.047205692,0.944101584,0.008692724
16.69,0.04720569,0.944101596,0.008692714
16.7,0.047205688,0.944101608,0.008692704
16.71,0.047205685,0.94410162,0.008692695
16.72,0.047205683,0.944101632,0.008692685
16.73,0.047205681,0.944101643,0.008692676
16.74,0.047205678,0.944101655,0.008692666
16.75,0.047205676,0.944101667,0.008692657
16.76,0.047205674,0.944101678,0.008692648
16.77,0.047205672,0.94410169,0.008692638
16.78,0.047205669,0.944101702,0.008692629
16.79,0.047205667,0.944101713,0.00869262
16.8,0.047205665,0.944101724,0.008692611
16.81,0.047205663,0.944101736,0.008692601
16.82,0.047205661,0.944101747,0.008692592
16.83,0.047205658,0.944101758,0.008692583
16.84,0.047205656,0.944101769,0.008692574
16.85,0.047205654,0.944101781,0.008692565
16.86,0.047205652,0.944101792,0.008692556
16.87,0.04720565,0.944101803,0.008692548
16.88,0.047205648,0.944101814,0.008692539
16.89,0.047205646,0.944101824,0.00869253
16.9,0.047205643,0.944101835,0.008692521
16.91,0.047205641,0.944101846,0.008692513
16.92,0.047205639,0.944101856,0.008692504
16.93,0.047205637,0.944101867,0.008692496
16.94,0.047205635,0.944101878,0.008692487
16.95,0.047205633,0.944101888,0.008692479
16.96,0.047205631,0.944101899,0.00869247
16.97,0.047205629,0.944101909,0.008692462
16.98,0.047205627,0.94410192,0.008692453
16.99,0.047205625,0.94410193,0.008692445
17,0.047205623,0.944101941,0.008692436
17.01,0.047205621,0.944101951,0.008692428
17.02,0.047205619,0.944101961,0.00869242
17.03,0.047205617,0.944101972,0.008692411
17.04,0.047205615,0.944101982,0.008692403
17.05,0.047205613,0.944101992,0.008692395
17.06,0.047205611,0.944102002,0.008692387
17.07,0.047205609,0.944102012,0.008692379
17.08,0.047205607,0.944102022,0.008692371
17.09,0.047205605,0.944102032,0.008692363
17.1,0.047205603,0.944102042,0.008692355
17.11,0.047205601,0.944102052,0.008692347
17.12,0.047205599,0.944102061,0.008692339
17.13,0.047205598,0.944102071,0.008692331
17.14,0.047205596,0.944102081,0.008692323
17.15,0.047205594,0.94410209,0.008692316
17.16,0.047205592,0.9441021,0.008692308
17.17,0.04720559,0.94410211,0.0086923
17.18,0.047205588,0.944102119,0.008692293
17.19,0.047205586,0.944102129,0.008692285
17.2,0.047205585,0.944102138,0.008692278
17.21,0.047205583,0.944102147,0.00869227
17.22,0.047205581,0.944102157,0.008692263
17.23,0.047205579,0.944102166,0.008692255
17.24,0.047205577,0.944102175,0.008692248
17.25,0.047205576,0.944102184,0.00869224
17.26,0.047205574,0.944102193,0.008692233
17.27,0.047205572,0.944102202,0.008692226
17.28,0.04720557,0.944102211,0.008692218
17.29,0.047205569,0.94410222,0.008692211
17.3,0.047205567,0.944102229,0.008692204
17.31,0.047205565,0.944102238,0.008692197
17.32,0.047205563,0.944102247,0.00869219
17.33,0.047205562,0.944102256,0.008692183
17.34,0.04720556,0.944102264,0.008692176
17.35,0.047205558,0.944102273,0.008692169
17.36,0.047205557,0.944102282,0.008692162
17.37,0.047205555,0.94410229,0.008692155
17.38,0.047205553,0.944102299,0.008692148
17.39,0.047205552,0.944102307,0.008692141
17.4,0.04720555,0.944102316,0.008692134
17.41,0.047205548,0.944102324,0.008692127
17.42,0.047205547,0.944102333,0.008692121
17.43,0.047205545,0.944102341,0.008692114
17.44,0.047205543,0.944102349,0.008692107
17.45,0.047205542,0.944102358,0.008692101
17.46,0.04720554,0.944102366,0.008692094
17.47,0.047205539,0.944102374,0.008692087
17.48,0.047205537,0.944102382,0.008692081
17.49,0.047205535,0.94410239,0.008692074
17.5,0.047205534,0.944102398,0.008692068
17.51,0.047205532,0.944102406,0.008692061
17.52,0.047205531,0.944102414,0.008692055
17.53,0.047205529,0.944102422,0.008692048
17.54,0.047205528,0.94410243,0.008692042
17.55,0.047205526,0.944102438,0.008692036
17.56,0.047205525,0.944102446,0.008692029
17.57,0.047205523,0.944102454,0.008692023
17.58,0.047205522,0.944102461,0.008692017
17.59,0.04720552,0.944102469,0.008692011
17.6,0.047205519,0.944102477,0.008692005
17.61,0.047205517,0.944102484,0.008691998
17.62,0.047205516,0.944102492,0.008691992
17.63,0.047205514,0.9441025,0.008691986
17.64,0.047205513,0.944102507,0.00869198
17.65,0.047205511,0.944102515,0.008691974
17.66,0.04720551,0.944102522,0.008691968
17.67,0.047205508,0.944102529,0.008691962
17.68,0.047205507,0.944102537,0.008691956
17.69,0.047205506,0.944102544,0.00869195
17.7,0.047205504,0.944102551,0.008691944
17.71,0.047205503,0.944102559,0.008691939
17.72,0.047205501,0.944102566,0.008691933
17.73,0.0472055,0.944102573,0.008691927
17.74,0.047205499,0.94410258,0.008691921
17.75,0.047205497,0.944102587,0.008691915
17.76,0.047205496,0.944102594,0.00869191
17.77,0.047205494,0.944102602,0.008691904
17.78,0.047205493,0.944102609,0.008691898
17.79,0.047205492,0.944102616,0.008691893
17.8,0.04720549,0.944102623,0.008691887
17.81,0.047205489,0.944102629,0.008691882
17.82,0.047205488,0.944102636,0.008691876
17.83,0.047205486,0.944102643,0.00869187
17.84,0.047205485,0.94410265,0.008691865
17.85,0.047205484,0.944102657,0.008691859
17.86,0.047205482,0.944102664,0.008691854
17.87,0.047205481,0.94410267,0.008691849
17.88,0.04720548,0.944102677,0.008691843
17.89,0.047205478,0.944102684,0.008691838
17.9,0.047205477,0.94410269,0.008691832
17.91,0.047205476,0.944102697,0.008691827
17.92,0.047205475,0.944102704,0.008691822
17.93,0.047205473,0.94410271,0.008691817
17.94,0.047205472,0.944102717,0.008691811
17.95,0.047205471,0.944102723,0.008691806
17.96,0.047205469,0.94410273,0.008691801
17.97,0.047205468,0.944102736,0.008691796
17.98,0.047205467,0.944102742,0.008691791
17.99,0.047205466,0.944102749,0.008691785
18,0.047205465,0.944102755,0.00869178
18.01,0.047205463,0.944102762,0.008691775
18.02,0.047205462,0.944102768,0.00869177
18.03,0.047205461,0.944102774,0.008691765
18.04,0.04720546,0.94410278,0.00869176
18.05,0.047205458,0.944102787,0.008691755
18.06,0.047205457,0.944102793,0.00869175
18.07,0.047205456,0.944102799,0.008691745
18.08,0.047205455,0.944102805,0.00869174
18.09,0.047205454,0.944102811,0.008691735
18.1,0.047205452,0.944102817,0.00869173
18.11,0.047205451,0.944102823,0.008691725
18.12,0.04720545,0.944102829,0.00869172
18.13,0.047205449,0.944102835,0.008691716
18.14,0.047205448,0.944102841,0.008691711
18.15,0.047205447,0.944102847,0.008691706
18.16,0.047205445,0.944102853,0.008691701
18.17,0.047205444,0.944102859,0.008691696
18.18,0.047205443,0.944102865,0.008691692
18.19,0.047205442,0.944102871,0.008691687
18.2,0.047205441,0.944102877,0.008691682
18.21,0.04720544,0.944102883,0.008691678
18.22,0.047205439,0.944102888,0.008691673
18.23,0.047205438,0.944102894,0.008691668
18.24,0.047205436,0.9441029,0.008691664
18.25,0.047205435,0.944102906,0.008691659
18.26,0.047205434,0.944102911,0.008691655
18.27,0.047205433,0.944102917,0.00869165
18.28,0.047205432,0.944102922,0.008691645
18.29,0.047205431,0.944102928,0.008691641
18.3,0.04720543,0.944102934,0.008691637
18.31,0.047205429,0.944102939,0.008691632
18.32,0.047205428,0.944102945,0.008691628
18.33,0.047205427,0.94410295,0.008691623
18.34,0.047205426,0.944102956,0.008691619
18.35,0.047205425,0.944102961,0.008691614
18.36,0.047205424,0.944102966,0.00869161
18.37,0.047205423,0.944102972,0.008691606
18.38,0.047205421,0.944102977,0.008691601
18.39,0.04720542,0.944102982,0.008691597
18.4,0.047205419,0.944102988,0.008691593
18.41,0.047205418,0.944102993,0.008691589
18.42,0.047205417,0.944102998,0.008691584
18.43,0.047205416,0.944103003,0.00869158
18.44,0.047205415,0.944103009,0.008691576
18.45,0.047205414,0.944103014,0.008691572
18.46,0.047205413,0.944103019,0.008691568
18.47,0.047205412,0.944103024,0.008691564
18.48,0.047205411,0.944103029,0.00869156
18.49,0.04720541,0.944103034,0.008691555
18.5,0.047205409,0.944103039,0.008691551
18.51,0.047205408,0.944103044,0.008691547
18.52,0.047205408,0.944103049,0.008691543
18.53,0.047205407,0.944103054,0.008691539
18.54,0.047205406,0.944103059,0.008691535
18.55,0.047205405,0.944103064,0.008691531
18.56,0.047205404,0.944103069,0.008691527
18.57,0.047205403,0.944103074,0.008691524
18.58,0.047205402,0.944103079,0.00869152
18.59,0.047205401,0.944103083,0.008691516
18.6,0.0472054,0.944103088,0.008691512
18.61,0.047205399,0.944103093,0.008691508
18.62,0.047205398,0.944103098,0.008691504
18.63,0.047205397,0.944103102,0.0086915
18.64,0.047205396,0.944103107,0.008691497
18.65,0.047205395,0.944103112,0.008691493
18.66,0.047205394,0.944103116,0.008691489
18.67,0.047205394,0.944103121,0.008691485
18.68,0.047205393,0.944103126,0.008691482
18.69,0.047205392,0.94410313,0.008691478
18.7,0.047205391,0.944103135,0.008691474
18.71,0.04720539,0.944103139,0.008691471
18.72,0.047205389,0.944103144,0.008691467
18.73,0.047205388,0.944103148,0.008691463
18.74,0.047205387,0.944103153,0.00869146
18.75,0.047205387,0.944103157,0.008691456
18.76,0.047205386,0.944103162,0.008691452
18.77,0.047205385,0.944103166,0.008691449
18.78,0.047205384,0.944103171,0.008691445
18.79,0.047205383,0.944103175,0.008691442
18.8,0.047205382,0.944103179,0.008691438
18.81,0.047205381,0.944103184,0.008691435
18.82,0.047205381,0.944103188,0.008691431
18.83,0.04720538,0.944103192,0.008691428
18.84,0.047205379,0.944103197,0.008691424
18.85,0.047205378,0.944103201,0.008691421
18.86,0.047205377,0.944103205,0.008691417
18.87,0.047205377,0.944103209,0.008691414
18.88,0.047205376,0.944103214,0.008691411
18.89,0.047205375,0.944103218,0.008691407
18.9,0.047205374,0.944103222,0.008691404
18.91,0.047205373,0.944103226,0.0086914
18.92,0.047205373,0.94410323,0.008691397
18.93,0.047205372,0.944103234,0.008691394
18.94,0.047205371,0.944103239,0.008691391
18.95,0.04720537,0.944103243,0.008691387
18.96,0.047205369,0.944103247,0.008691384
18.97,0.047205369,0.944103251,0.008691381
18.98,0.047205368,0.944103255,0.008691377
18.99,0.047205367,0.944103259,0.008691374
19,0.047205366,0.944103263,0.008691371
19.01,0.047205365,0.944103267,0.008691368
19.02,0.047205365,0.944103271,0.008691365
19.03,0.047205364,0.944103275,0.008691361
19.04,0.047205363,0.944103279,0.008691358
19.05,0.047205362,0.944103282,0.008691355
19.06,0.047205362,0.944103286,0.008691352
19.07,0.047205361,0.94410329,0.008691349
19.08,0.04720536,0.944103294,0.008691346
19.09,0.04720536,0.944103298,0.008691343
19.1,0.047205359,0.944103302,0.00869134
19.11,0.047205358,0.944103306,0.008691336
19.12,0.047205357,0.944103309,0.008691333
19.13,0.047205357,0.944103313,0.00869133
19.14,0.047205356,0.944103317,0.008691327
19.15,0.047205355,0.944103321,0.008691324
19.16,0.047205354,0.944103324,0.008691321
19.17,0.047205354,0.944103328,0.008691318
19.18,0.047205353,0.944103332,0.008691315
19.19,0.047205352,0.944103335,0.008691312
19.2,0.047205352,0.944103339,0.008691309
19.21,0.047205351,0.944103343,0.008691306
19.22,0.04720535,0.944103346,0.008691304
19.23,0.04720535,0.94410335,0.008691301
19.24,0.047205349,0.944103353,0.008691298
19.25,0.047205348,0.944103357,0.008691295
19.26,0.047205347,0.944103361,0.008691292
19.27,0.047205347,0.944103364,0.008691289
19.28,0.047205346,0.944103368,0.008691286
19.29,0.047205345,0.944103371,0.008691283
19.3,0.047205345,0.944103375,0.008691281
19.31,0.047205344,0.944103378,0.008691278
19.32,0.047205343,0.944103381,0.008691275
19.33,0.047205343,0.944103385,0.008691272
19.34,0.047205342,0.944103388,0.00869127
19.35,0.047205341,0.944103392,0.008691267
19.36,0.047205341,0.944103395,0.008691264
19.37,0.04720534,0.944103398,0.008691261
19.38,0.04720534,0.944103402,0.008691259
19.39,0.047205339,0.944103405,0.008691256
19.4,0.047205338,0.944103408,0.008691253
19.41,0.047205338,0.944103412,0.008691251
19.42,0.047205337,0.944103415,0.008691248
19.43,0.047205336,0.944103418,0.008691245
19.44,0.047205336,0.944103422,0.008691243
19.45,0.047205335,0.944103425,0.00869124
19.46,0.047205335,0.944103428,0.008691237
19.47,0.047205334,0.944103431,0.008691235
19.48,0.047205333,0.944103434,0.008691232
19.49,0.047205333,0.944103438,0.00869123
19.5,0.047205332,0.944103441,0.008691227
19.51,0.047205332,0.944103444,0.008691225
19.52,0.047205331,0.944103447,0.008691222
19.53,0.04720533,0.94410345,0.00869122
19.54,0.04720533,0.944103453,0.008691217
19.55,0.047205329,0.944103456,0.008691215
19.56,0.047205329,0.944103459,0.008691212
19.57,0.047205328,0.944103462,0.00869121
19.58,0.047205327,0.944103465,0.008691207
19.59,0.047205327,0.944103468,0.008691205
19.6,0.047205326,0.944103471,0.008691202
19.61,0.047205326,0.944103474,0.0086912
19.62,0.047205325,0.944103477,0.008691198
19.63,0.047205325,0.94410348,0.008691195
19.64,0.047205324,0.944103483,0.008691193
19.65,0.047205323,0.944103486,0.00869119
19.66,0.047205323,0.944103489,0.008691188
19.67,0.047205322,0.944103492,0.008691186
19.68,0.047205322,0.944103495,0.008691183
19.69,0.047205321,0.944103498,0.008691181
19.7,0.047205321,0.9441035,0.008691179
19.71,0.04720532,0.944103503,0.008691177
19.72,0.04720532,0.944103506,0.008691174
19.73,0.047205319,0.944103509,0.008691172
19.74,0.047205319,0.944103512,0.00869117
19.75,0.047205318,0.944103515,0.008691167
19.76,0.047205317,0.944103517,0.008691165
19.77,0.047205317,0.94410352,0.008691163
19.78,0.047205316,0.944103523,0.008691161
19.79,0.047205316,0.944103526,0.008691159
19.8,0.047205315,0.944103528,0.008691156
19.81,0.047205315,0.944103531,0.008691154
19.82,0.047205314,0.944103534,0.008691152
19.83,0.047205314,0.944103536,0.00869115
19.84,0.047205313,0.944103539,0.008691148
19.85,0.047205313,0.944103542,0.008691146
19.86,0.047205312,0.944103544,0.008691143
19.87,0.047205312,0.944103547,0.008691141
19.88,0.047205311,0.944103549,0.008691139
19.89,0.047205311,0.944103552,0.008691137
19.9,0.04720531,0.944103555,0.008691135
19.91,0.04720531,0.944103557,0.008691133
19.92,0.047205309,0.94410356,0.008691131
19.93,0.047205309,0.944103562,0.008691129
19.94,0.047205308,0.944103565,0.008691127
19.95,0.047205308,0.944103567,0.008691125
19.96,0.047205307,0.94410357,0.008691123
19.97,0.047205307,0.944103572,0.008691121
19.98,0.047205307,0.944103575,0.008691119
19.99,0.047205306,0.944103577,0.008691117